Model,Vehicle,Type,Origin,Seats,Drive,Engine,Cylinders,Horsepower,Mileage Overall,Mileage Highway,Mileage City,Zero-60 (sec),Braking Dry (ft),Braking Wet (ft),Avoidance Maneuver (mph),Length,Width,Height,Wheelbase,Turning Circle,Weight,Max Load,Cargo Volume,Front Shoulder,Front Leg Room,Front Head Room,Rear Shoulder,Rear Leg Room,Rear Head Room,Reliable,Satisfaction,Routine Handling,Emergency Handling,CrashDriver,CrashPassenger,SideCrashDriver,SideCrashPassenger,Frontal Offset-IIHS,Side-IIHS,Rollover Rating,Price,Category,Unnamed: 43
Acura MDX,sport utility,luxury sport utility,Asia,7.0,all,3.7,6.0,305.0,17.0,23.0,11.0,8.0,134.0,139.0,48.0,191.0,79.0,66.0,108.0,40.0,4595.0,1160.0,35.5,61.5,41.0,4.5,60.0,28.5,4.0,good,good,very good,good,5,5,5,5.0,good,good,good,47000.0,0.0,
Acura RDX,sport utility,small sport utility,Asia,5.0,all,2.3,4.0,240.0,18.0,25.0,13.0,7.4,133.0,145.0,53.5,181.0,74.0,65.0,104.0,41.0,4015.0,870.0,29.5,57.5,40.5,4.0,55.0,27.5,3.5,good,fair,very good,very good,5,5,5,5.0,good,good,good,37000.0,0.0,
Acura RL,car,luxury car,Asia,5.0,all,3.5,6.0,300.0,18.0,29.0,12.0,6.9,131.0,148.0,51.5,194.0,73.0,57.0,110.0,43.0,4035.0,850.0,13.0,57.5,42.0,5.0,55.0,28.0,2.5,good,good,very good,very good,5,5,5,5.0,good,good,excellent,53000.0,0.0,
Acura RSX,car,sports car,Asia,4.0,front,2.0,4.0,201.0,26.0,,,7.3,145.0,,53.0,172.0,68.0,55.0,101.0,40.0,2780.0,700.0,16.0,52.5,41.5,3.5,49.0,24.0,0.0,good,average,very good,very good,5,5,4,,,,good,23000.0,0.0,
Acura TL,car,upscale car,Asia,5.0,front,3.5,6.0,280.0,23.0,33.0,16.0,6.8,128.0,140.0,52.5,195.0,74.0,57.0,109.0,41.0,3705.0,850.0,13.0,58.0,42.0,3.5,55.0,28.5,3.0,good,good,very good,very good,5,5,,,good,good,excellent,39000.0,0.0,
Acura TSX,car,family car,Asia,5.0,front,2.4,4.0,205.0,23.0,,,9.2,136.0,,52.5,183.0,69.0,57.0,105.0,40.0,3315.0,850.0,13.0,55.0,41.0,3.0,52.5,27.0,2.5,good,good,,,5,5,5,5.0,good,good,excellent,31000.0,0.0,
Audi A3,car,family car,Europe,5.0,front or all,2.0,4.0,200.0,25.0,33.0,18.0,7.3,134.0,149.0,54.0,169.0,77.0,56.0,102.0,35.0,3305.0,990.0,19.5,54.0,42.0,4.5,52.5,25.5,2.0,fair,good,excellent,very good,5,5,5,5.0,good,good,,34000.0,0.0,
Audi A4,car,upscale car,Europe,5.0,front or all,3.2,6.0,255.0,20.0,,,8.3,134.0,,54.0,180.0,70.0,56.0,104.0,37.0,3750.0,1060.0,13.0,54.0,41.5,3.5,51.5,24.5,2.5,,,excellent,very good,5,5,5,5.0,good,good,excellent,45000.0,0.0,
Audi A5,car,upscale car,Europe,4.0,all,3.2,6.0,265.0,,,,,,,,182.0,73.0,54.0,108.0,,3595.0,,12.0,,,,,,,,,,,5,5,5,5.0,,,,48000.0,0.0,
Audi A6,car,luxury car,Europe,5.0,front or all,3.2,6.0,255.0,21.0,30.0,14.0,7.7,129.0,144.0,52.0,194.0,71.0,57.0,112.0,40.0,4115.0,1100.0,16.0,56.0,42.0,3.0,54.5,27.5,3.0,average,good,very good,very good,,,,,good,good,,55000.0,0.0,
Audi A8,car,luxury car,Europe,5.0,all,4.2,8.0,330.0,17.0,26.0,11.0,7.6,131.0,140.0,49.5,204.0,75.0,57.0,121.0,41.0,4505.0,1210.0,18.0,58.5,43.0,3.0,55.5,34.5,3.5,average,good,very good,good,,,,,,,,88000.0,0.0,
Audi Q7,sport utility,luxury sport utility,Europe,7.0,all,4.2,8.0,350.0,15.0,21.0,10.0,8.2,138.0,146.0,46.0,200.0,78.0,68.0,118.0,40.0,5465.0,1325.0,37.0,58.0,42.0,4.0,56.0,29.0,3.0,poor,average,,,,,,,good,good,excellent,58000.0,0.0,
Audi TT,car,coupe,Europe,4.0,front or all,1.8,4.0,225.0,22.0,,,7.0,123.0,,55.0,165.0,73.0,53.0,97.0,36.0,2965.0,770.0,13.0,53.0,,,47.5,,,good,excellent,excellent,very good,,,,,,,,45000.0,0.0,
BMW 1 Series,car,coupe,Europe,5.0,rear,3.0,6.0,300.0,23.0,21.0,16.0,31.0,119.0,128.0,58.5,172.0,69.0,54.0,105.0,35.0,3360.0,880.0,,52.5,42.5,3.5,51.5,25.0,0.0,,,excellent,excellent,,,,,,,,38000.0,0.0,
BMW 3 Series,car,upscale car,Europe,5.0,rear or all,3.0,6.0,230.0,23.0,33.0,15.0,6.9,130.0,142.0,53.5,178.0,72.0,56.0,109.0,37.0,3485.0,1060.0,11.0,55.0,40.5,3.5,54.5,27.5,2.5,good,good,excellent,very good,3,4,5,5.0,good,good,good,50000.0,0.0,
BMW 5 Series,car,luxury car,Europe,5.0,rear or all,3.0,6.0,300.0,22.0,31.0,15.0,5.8,138.0,149.0,51.5,191.0,73.0,58.0,114.0,39.0,3785.0,1100.0,14.0,56.5,41.0,3.5,55.0,28.0,3.5,average,good,very good,very good,3,5,5,5.0,good,marginal,good,57000.0,0.0,
BMW 6 Series,car,luxury car,Europe,4.0,rear,4.8,8.0,360.0,19.0,27.0,13.0,5.6,122.0,133.0,55.5,190.0,73.0,54.0,109.0,40.0,3885.0,840.0,13.0,57.0,43.0,3.5,45.0,23.0,0.0,good,good,excellent,very good,,,,,,,,80000.0,0.0,
BMW 7 Series,car,luxury car,Europe,5.0,rear,4.8,8.0,360.0,18.0,,,6.9,135.0,,52.0,204.0,75.0,59.0,123.0,42.0,4505.0,1060.0,18.0,59.0,42.0,4.0,57.0,35.0,3.5,average,good,very good,good,  ,  ,,,,,,105000.0,0.0,
BMW X3,sport utility,small sport utility,Europe,5.0,all,3.0,6.0,260.0,19.0,26.0,14.0,7.9,129.0,140.0,55.0,180.0,73.0,66.0,110.0,39.0,4065.0,1005.0,33.0,55.0,41.5,4.0,53.0,27.5,3.0,average,average,,,,,,,good,good,,43000.0,0.0,
BMW X5,sport utility,luxury sport utility,Europe,5.0,all,3.0,6.0,260.0,17.0,22.0,12.0,8.6,130.0,142.0,53.0,191.0,76.0,70.0,116.0,42.0,5025.0,1350.0,36.0,59.5,40.5,3.5,57.0,26.5,3.0,fair,good,very good,very good,5,4,5,5.0,good,good,good,56000.0,0.0,
BMW X6,sport utility,luxury sport utility,Europe,4.0,all,3.0,6.0,300.0,,,,,,,,191.0,76.0,,116.0,,,,,,,,,,,,,,,,,,,,,,62000.0,0.0,
BMW Z4,car,sports car,Europe,2.0,rear,3.0,6.0,225.0,26.0,34.0,19.0,6.0,117.0,126.0,55.5,161.0,70.0,50.0,98.0,33.0,3170.0,550.0,2.0,51.5,41.0,4.5,,,,good,,very good,very good,4,4,3,,,,excellent,46000.0,0.0,
Buick Enclave,sport utility,midsize sport utility,USA,8.0,front or all,3.6,6.0,275.0,15.0,24.0,10.0,8.9,142.0,153.0,50.0,201.0,78.0,70.0,119.0,43.0,5100.0,1335.0,44.0,62.0,41.5,3.5,60.5,30.0,4.0,fair,good,very good,good,,,,,good,good,good,39000.0,0.0,
Buick LaCrosse,car,family car,USA,5.0,front,3.8,6.0,200.0,18.0,30.0,12.0,9.0,146.0,160.0,50.0,198.0,73.0,57.0,111.0,40.0,3565.0,915.0,16.0,57.0,41.0,2.0,56.5,27.0,1.5,average,fair,good,very good,4,4,5,5.0,good,marginal,good,32000.0,0.0,
Buick Lucerne,car,upscale car,USA,5.0,front,4.6,8.0,275.0,17.0,26.0,11.0,7.5,143.0,152.0,53.0,203.0,74.0,58.0,116.0,47.0,4095.0,925.0,17.0,58.0,42.5,3.0,57.5,31.5,2.5,good,average,very good,fair,4,4,5,5.0,good,acceptable,excellent,39000.0,0.0,
Buick Rainier,sport utility,midsize sport utility,USA,5.0,rear or all,4.2,6.0,275.0,,,,,,,,192.0,75.0,75.0,113.0,39.0,4830.0,1020.0,39.0,58.5,40.0,2.5,58.0,25.5,3.5,fair,good,,,3,3,5,5.0,marginal,,good,36000.0,0.0,
Buick Rendezvous,sport utility,midsize sport utility,USA,7.0,front or all,3.5,6.0,242.0,16.0,,,11.4,142.0,,47.0,187.0,74.0,69.0,112.0,40.0,4230.0,1215.0,45.0,59.0,40.0,4.5,59.0,29.5,6.0,average,average,good,fair,3,3,5,5.0,acceptable,,,36000.0,0.0,
Buick Terraza,minivan,minivan,USA,7.0,front or all,3.5,6.0,201.0,17.0,,,,,,,205.0,72.0,72.0,121.0,43.0,4420.0,1410.0,51.0,59.0,40.0,4.0,61.0,26.0,3.5,poor,fair,,,3,5,,,,,,32000.0,0.0,
Cadillac CTS,car,upscale car,USA,5.0,rear,3.6,6.0,263.0,19.0,28.0,13.0,6.8,131.0,138.0,53.5,192.0,73.0,58.0,113.0,38.0,3940.0,890.0,14.0,56.0,44.0,3.0,54.0,28.5,1.5,fair,excellent,excellent,very good,5,4,4,4.0,good,good,good,42000.0,0.0,
Cadillac DTS,car,luxury car,USA,6.0,front,4.6,8.0,275.0,17.0,28.0,11.0,7.6,145.0,151.0,50.5,208.0,75.0,58.0,116.0,44.0,4085.0,1095.0,19.0,60.5,42.0,3.0,59.0,29.0,3.5,average,good,good,fair,4,4,4,5.0,good,acceptable,good,49000.0,0.0,
Cadillac Escalade,sport utility,luxury sport utility,USA,8.0,rear or all,6.2,8.0,403.0,13.0,21.0,9.0,7.5,158.0,181.0,46.5,203.0,79.0,75.0,116.0,42.0,5810.0,1330.0,46.5,64.0,40.0,3.0,64.5,27.0,3.5,poor,average,,,5,5,5,5.0,,,average,65000.0,0.0,
Cadillac SRX,sport utility,luxury sport utility,USA,7.0,rear or all,3.6,6.0,255.0,16.0,23.0,10.0,8.3,138.0,152.0,51.5,195.0,73.0,68.0,116.0,42.0,4730.0,1285.0,37.0,58.0,40.0,3.5,56.5,28.0,2.0,poor,fair,very good,good,4,4,5,5.0,good,,good,48000.0,0.0,
Cadillac STS,car,luxury car,USA,5.0,rear or all,3.6,6.0,302.0,18.0,28.0,12.0,6.4,133.0,147.0,53.0,196.0,73.0,58.0,116.0,40.0,4000.0,890.0,14.0,58.0,42.0,3.0,57.5,27.0,2.0,fair,average,excellent,very good,4,4,4,5.0,good,acceptable,excellent,58000.0,0.0,
Cadillac XLR,car,convertible,USA,2.0,rear,4.6,8.0,320.0,17.0,,,6.4,133.0,,54.5,178.0,72.0,50.0,106.0,41.0,3680.0,400.0,4.0,53.0,40.5,2.5,,,,,,,,,,,,,,,91000.0,0.0,
Chevrolet Avalanche,truck,truck,USA,6.0,rear or selectable 4WD,5.3,8.0,310.0,13.0,20.0,9.0,10.1,153.0,176.0,46.5,221.0,79.0,77.0,130.0,46.0,6010.0,1230.0,,64.5,40.0,3.5,64.5,27.0,4.5,average,good,good,fair,5,5,5,5.0,,,average,46000.0,0.0,
Chevrolet Aveo,car,small car,USA,5.0,front,1.6,4.0,103.0,27.0,36.0,19.0,11.2,137.0,146.0,51.5,153.0,66.0,59.0,98.0,35.0,2530.0,860.0,14.0,53.5,40.0,5.5,51.0,26.0,2.0,fair,,good,good,5,5,4,4.0,acceptable,marginal,good,14000.0,1.0,
Chevrolet Cobalt,car,small car,USA,5.0,front,2.2,4.0,148.0,24.0,34.0,16.0,9.3,141.0,157.0,51.0,180.0,68.0,57.0,103.0,37.0,2850.0,890.0,14.0,53.0,41.5,3.5,50.0,27.0,3.0,average,poor,very good,very good,4,5,3,5.0,good,acceptable,good,19000.0,1.0,
Chevrolet Colorado,truck,truck,USA,6.0,rear or parttime 4WD,3.5,5.0,220.0,16.0,23.0,11.0,9.6,156.0,167.0,47.5,207.0,69.0,65.0,126.0,48.0,4270.0,1125.0,,54.5,42.0,5.0,54.0,26.0,3.0,poor,poor,good,fair,5,5,4,5.0,acceptable,poor,good,26000.0,0.0,
Chevrolet Corvette,car,sports car,USA,2.0,rear,7.0,8.0,505.0,19.0,28.0,13.0,4.3,121.0,133.0,56.5,175.0,73.0,49.0,106.0,42.0,3280.0,390.0,11.0,53.5,41.0,4.0,,,,poor,excellent,excellent,excellent,  ,  ,,,,,,75000.0,0.0,
Chevrolet Equinox,sport utility,small sport utility,USA,5.0,front or all,3.4,6.0,185.0,18.0,,,9.1,146.0,,49.5,189.0,71.0,69.0,113.0,43.0,3880.0,1115.0,36.5,55.5,41.0,4.0,55.5,32.0,5.0,average,poor,,,5,5,4,4.0,good,,good,28000.0,0.0,
Chevrolet HHR,car,wagon,USA,5.0,front,2.4,4.0,172.0,23.0,,,9.2,148.0,,49.5,176.0,69.0,65.0,104.0,41.0,3265.0,820.0,29.5,54.0,41.5,2.5,53.0,27.5,4.5,average,average,,,5,5,5,5.0,good,acceptable,good,24000.0,1.0,
Chevrolet Impala,car,family car,USA,6.0,front,3.9,6.0,242.0,20.0,29.0,13.0,7.8,141.0,155.0,50.0,200.0,73.0,59.0,111.0,41.0,3710.0,945.0,19.0,57.5,40.5,4.0,58.0,26.0,1.5,average,fair,very good,good,5,5,5,4.0,acceptable,good,good,27000.0,0.0,
Chevrolet Malibu,car,family car,USA,5.0,front,2.4,4.0,169.0,25.0,38.0,16.0,9.4,138.0,162.0,50.0,192.0,70.0,57.0,112.0,42.0,3460.0,915.0,15.0,55.0,41.5,4.0,52.5,30.0,2.0,good,good,very good,very good,5,5,5,5.0,good,good,good,24000.0,1.0,
Chevrolet Malibu Hybrid,car,family car,USA,6.0,front,2.4,4.0,164.0,27.0,38.0,18.0,10.3,131.0,157.0,51.5,192.0,70.0,57.0,112.0,42.0,3455.0,915.0,15.0,55.0,41.5,4.0,52.5,30.0,2.0,,,very good,good,5,5,5,5.0,good,good,good,27000.0,0.0,
Chevrolet Silverado 1500,truck,truck,USA,6.0,rear or selectable 4WD,3.6,6.0,295.0,13.0,21.0,9.0,8.5,153.0,185.0,46.5,230.0,80.0,74.0,144.0,50.0,5435.0,1570.0,,64.5,41.0,6.5,64.5,29.0,6.0,average,average,good,fair,5,5,5,5.0,,,,37000.0,0.0,
Chevrolet Suburban,sport utility,large sport utility,USA,9.0,rear or selectable 4WD,5.3,8.0,320.0,14.0,20.0,9.0,9.1,147.0,165.0,45.0,222.0,79.0,77.0,130.0,45.0,5935.0,1460.0,61.0,64.5,41.5,3.5,64.5,29.5,3.5,fair,good,very good,good,5,5,5,5.0,,,average,51000.0,0.0,
Chevrolet Tahoe,sport utility,large sport utility,USA,9.0,rear or selectable 4WD,5.3,8.0,320.0,14.0,19.0,9.0,9.0,151.0,168.0,44.0,202.0,79.0,77.0,116.0,42.0,5715.0,1580.0,50.5,64.5,41.0,7.0,65.0,27.5,3.5,average,average,good,fair,5,5,5,5.0,,,average,42000.0,0.0,
Chevrolet TrailBlazer,sport utility,midsize sport utility,USA,7.0,rear or selectable 4WD,4.2,6.0,291.0,15.0,21.0,10.0,9.1,152.0,159.0,49.5,192.0,75.0,75.0,113.0,39.0,4830.0,1020.0,39.0,58.5,40.0,2.5,58.0,25.5,3.5,average,poor,fair,fair,3,4,5,5.0,acceptable,marginal,good,36000.0,0.0,
Chevrolet Uplander,minivan,minivan,USA,7.0,rear or all,3.5,6.0,200.0,17.0,,,10.2,136.0,,48.5,205.0,72.0,72.0,121.0,43.0,4420.0,1410.0,51.0,59.0,40.0,4.0,61.0,26.0,3.5,poor,fair,,,3,5,,,,,,30000.0,0.0,
Chrysler 300,car,upscale car,USA,5.0,rear or all,5.7,8.0,340.0,16.0,27.0,10.0,6.4,133.0,139.0,51.5,197.0,74.0,58.0,120.0,41.0,3850.0,865.0,16.0,59.5,43.0,4.5,57.5,30.5,2.5,fair,fair,,,5,5,4,5.0,good,poor,good,39000.0,0.0,
Chrysler Aspen,sport utility,large sport utility,USA,8.0,rear or all,5.7,8.0,340.0,13.0,20.0,8.0,7.4,144.0,166.0,49.5,201.0,76.0,74.0,119.0,43.0,5150.0,1455.0,44.5,59.0,41.5,4.0,59.0,28.0,4.0,average,average,,,5,5,,,,,good,40000.0,0.0,
Chrysler Crossfire,car,coupe,USA,2.0,rear,3.2,6.0,215.0,22.0,,,7.2,125.0,,56.5,160.0,69.0,51.0,95.0,34.0,3075.0,415.0,7.0,51.5,41.0,3.0,,,,average,average,very good,very good,5,5,5,,,,excellent,38000.0,0.0,
Chrysler Pacifica,sport utility,midsize sport utility,USA,6.0,front or all,4.0,6.0,253.0,16.0,26.0,11.0,8.6,135.0,146.0,49.0,199.0,79.0,67.0,116.0,42.0,4720.0,1000.0,35.5,60.0,38.0,3.0,59.0,31.0,3.0,poor,fair,very good,good,5,5,5,5.0,good,,good,34000.0,0.0,
Chrysler PT Cruiser,car,wagon,USA,5.0,front,2.4,4.0,180.0,20.0,29.0,13.0,8.1,143.0,165.0,51.0,169.0,67.0,61.0,103.0,41.0,3350.0,865.0,32.0,54.0,40.5,2.0,53.0,28.0,4.0,fair,,very good,good,4,4,4,5.0,good,poor,good,24000.0,1.0,
Chrysler Sebring,car,family car,USA,5.0,front,2.7,6.0,189.0,21.0,32.0,14.0,8.9,144.0,153.0,52.5,191.0,71.0,59.0,109.0,40.0,3480.0,825.0,13.0,56.5,41.0,3.0,56.0,28.0,3.5,poor,poor,very good,good,5,5,5,4.0,good,good,good,35000.0,0.0,
Chrysler Town & Country,minivan,minivan,USA,7.0,front or all,4.0,6.0,251.0,17.0,27.0,11.0,8.8,149.0,172.0,46.5,203.0,77.0,69.0,121.0,42.0,4755.0,1150.0,61.5,62.5,41.0,3.5,64.0,31.0,4.5,poor,fair,good,fair,5,5,5,5.0,good,good,good,35000.0,0.0,
Dodge Avenger,car,family car,USA,5.0,front or all,3.5,6.0,235.0,20.0,30.0,13.0,7.7,140.0,161.0,51.5,191.0,72.0,59.0,109.0,41.0,3550.0,865.0,13.0,56.0,41.0,2.5,56.0,28.0,3.5,poor,fair,very good,good,5,5,5,4.0,good,good,good,23000.0,1.0,
Dodge Caliber,car,family car,USA,5.0,front or all,2.0,4.0,158.0,24.0,32.0,17.0,10.5,149.0,157.0,49.5,174.0,69.0,60.0,104.0,43.0,3405.0,865.0,20.0,54.0,41.5,2.0,52.5,26.0,3.5,good,fair,very good,good,5,5,5,5.0,good,marginal,good,24000.0,1.0,
Dodge Challenger,car,coupe,USA,5.0,rear,3.5,6.0,250.0,,,,,131.0,,,198.0,76.0,57.0,116.0,,4140.0,,,58.0,,,54.0,,,,,,,5,5,5,5.0,,,good,31000.0,0.0,
Dodge Charger,car,family car,USA,6.0,rear or parttime 4WD,5.7,8.0,340.0,17.0,26.0,11.0,6.0,131.0,134.0,54.0,200.0,75.0,58.0,120.0,41.0,3895.0,865.0,16.0,60.0,41.5,2.5,58.0,28.0,2.0,average,fair,,,5,5,4,5.0,good,poor,good,29000.0,0.0,
Dodge Dakota,truck,truck,USA,5.0,rear or selectable 4WD,4.7,8.0,230.0,14.0,20.0,9.0,9.0,145.0,156.0,49.0,219.0,74.0,69.0,131.0,46.0,4790.0,1320.0,,57.5,41.5,4.5,57.5,28.0,3.5,poor,poor,,very good,5,5,5,5.0,good,marginal,good,30000.0,0.0,
Dodge Durango,sport utility,large sport utility,USA,7.0,front or all,5.7,8.0,335.0,13.0,20.0,8.0,7.4,144.0,166.0,49.5,201.0,76.0,74.0,119.0,43.0,5150.0,1455.0,44.5,59.0,41.5,4.0,59.0,28.0,4.0,average,poor,,good,5,5,,,,,good,41000.0,0.0,
Dodge Grand Caravan,minivan,minivan,USA,7.0,front or all,3.8,6.0,197.0,16.0,26.0,11.0,10.3,154.0,182.0,47.0,201.0,79.0,69.0,119.0,41.0,4515.0,1185.0,60.0,63.0,38.5,4.5,59.0,31.0,3.5,poor,fair,very good,good,5,5,5,5.0,good,good,good,27000.0,0.0,
Dodge Journey,sport utility,midsize sport utility,USA,5.0,rear or all,3.5,6.0,235.0,16.0,25.0,10.0,8.8,139.0,152.0,50.5,192.0,72.0,67.0,114.0,42.0,5450.0,1165.0,,57.5,40.0,4.5,57.0,26.5,5.0,,,good,good,5,5,5,5.0,,,good,28000.0,0.0,
Dodge Magnum,car,wagon,USA,5.0,rear or selectable 4WD,3.5,6.0,250.0,19.0,30.0,12.0,8.8,138.0,166.0,48.0,198.0,74.0,58.0,120.0,41.0,3950.0,865.0,29.5,54.0,42.0,2.5,58.0,28.5,3.0,average,,,,5,5,4,5.0,,,good,34000.0,0.0,
Dodge Nitro,sport utility,small sport utility,USA,6.0,rear or parttime 4WD,3.7,6.0,210.0,16.0,23.0,11.0,9.1,142.0,167.0,46.5,179.0,73.0,69.0,109.0,39.0,4340.0,1150.0,39.5,57.0,41.5,3.5,56.0,30.0,6.0,poor,poor,,,5,5,5,5.0,good,marginal,average,25000.0,0.0,
Dodge Ram 1500,truck,truck,USA,5.0,all,5.7,8.0,345.0,13.0,19.0,8.0,7.9,153.0,192.0,51.5,228.0,80.0,77.0,141.0,49.0,5380.0,1270.0,,66.5,42.0,6.0,66.5,27.0,3.5,,,good,fair,5,5,,,,,good,35000.0,0.0,
Dodge Viper,car,sports car,USA,5.0,rear,8.3,10.0,510.0,15.0,24.0,10.0,4.2,113.0,130.0,57.0,176.0,75.0,48.0,99.0,43.0,3480.0,465.0,,53.5,40.0,3.5,,,,,,,excellent,,,,,,,,90000.0,0.0,
Ford Crown Victoria,car,family car,USA,5.0,front or all,3.5,6.0,265.0,16.0,,,8.3,147.0,,,212.0,78.0,57.0,115.0,42.0,4180.0,1100.0,21.0,61.0,40.5,5.5,60.5,27.5,3.0,average,average,poor,good,5,5,3,3.0,,,good,31000.0,0.0,
Ford Edge,sport utility,small sport utility,USA,5.0,front or all,3.5,6.0,265.0,16.0,26.0,11.0,8.3,147.0,159.0,49.5,186.0,76.0,67.0,111.0,39.0,4540.0,910.0,36.0,59.0,41.0,2.5,59.5,31.0,2.0,average,good,very good,good,5,4,5,5.0,good,good,good,33000.0,0.0,
Ford Escape,sport utility,small sport utility,USA,5.0,front or all,3.0,6.0,200.0,19.0,26.0,13.0,10.5,161.0,215.0,49.5,175.0,70.0,70.0,103.0,40.0,3605.0,1000.0,37.5,56.0,40.5,3.0,55.0,28.0,4.0,average,fair,good,good,5,5,5,5.0,good,good,average,27000.0,0.0,
Ford Expedition,sport utility,large sport utility,USA,7.0,rear or 4WD,5.4,8.0,300.0,13.0,18.0,8.0,9.1,154.0,166.0,46.5,221.0,79.0,77.0,131.0,45.0,6325.0,1570.0,72.5,63.0,40.0,4.0,64.0,28.0,5.0,average,average,good,fair,5,5,5,5.0,,,good,48000.0,0.0,
Ford Explorer,sport utility,midsize sport utility,USA,5.0,rear or parttime 4WD,4.0,6.0,210.0,15.0,22.0,10.0,9.7,152.0,163.0,50.5,193.0,74.0,73.0,114.0,38.0,4905.0,1275.0,48.0,58.5,40.5,2.5,58.5,28.0,4.0,average,fair,good,good,5,5,5,5.0,good,acceptable,average,37000.0,0.0,
Ford Explorer Sport Trac,truck,truck,USA,6.0,rear or parttime 4WD,4.0,6.0,210.0,14.0,21.0,9.0,10.6,146.0,170.0,48.0,210.0,74.0,73.0,131.0,43.0,4985.0,1205.0,,58.5,41.5,3.0,58.5,28.5,3.5,average,fair,,good,5,5,5,5.0,good,acceptable,good,32000.0,0.0,
Ford F-150,truck,truck,USA,5.0,all,5.4,8.0,300.0,13.0,19.0,9.0,8.8,153.0,190.0,45.0,224.0,79.0,76.0,139.0,47.0,5690.0,1510.0,,66.0,40.0,5.0,66.0,30.0,4.0,average,average,good,fair,,,,,good,good,good,40000.0,0.0,
Ford F-250,truck,truck,USA,5.0,all,6.4,8.0,350.0,10.0,16.0,7.0,9.8,159.0,181.0,44.0,231.0,80.0,80.0,156.0,54.0,8025.0,1905.0,,67.0,41.0,4.0,67.0,31.0,6.0,poor,fair,poor,poor,,,,,,,,42000.0,0.0,
Ford Flex,sport utility,midsize sport utility,USA,5.0,front,3.5,6.0,262.0,17.0,25.0,11.0,9.0,144.0,157.0,51.0,202.0,80.0,68.0,118.0,,4805.0,1160.0,47.5,58.5,41.5,6.5,58.0,31.5,7.0,,,poor,good,5,5,5,5.0,good,good,good,36000.0,0.0,
Ford Focus,car,small car,USA,5.0,front,2.0,4.0,132.0,26.0,35.0,18.0,10.1,137.0,147.0,53.0,175.0,68.0,59.0,103.0,,2800.0,825.0,14.0,53.5,,,53.5,,,good,average,,,4,4,5,4.0,good,acceptable,good,19000.0,1.0,
Ford Freestar,sport utility,midsize sport utility,USA,7.0,front or all,3.0,6.0,203.0,18.0,,,9.1,142.0,,47.0,201.0,77.0,69.0,121.0,42.0,4425.0,1315.0,61.5,61.0,40.0,5.5,64.0,29.0,6.0,average,fair,very good,good,5,5,4,5.0,good,,good,30000.0,0.0,
Ford Freestyle,car,family car,USA,5.0,front,3.0,6.0,221.0,,,,,,,,200.0,74.0,68.0,113.0,42.0,4280.0,,,58.5,,,58.0,,,poor,average,,,5,5,5,5.0,,,,29000.0,0.0,
Ford Fusion,car,family car,USA,5.0,rear,3.0,6.0,221.0,20.0,29.0,14.0,8.0,136.0,143.0,52.5,190.0,72.0,56.0,107.0,42.0,3480.0,850.0,16.0,57.5,40.5,2.5,56.0,28.0,2.5,excellent,good,,,5,5,5,4.0,good,good,excellent,26000.0,0.0,
Ford Mustang,car,coupe,USA,4.0,rear,4.0,6.0,210.0,20.0,30.0,13.0,7.5,139.0,145.0,51.5,188.0,74.0,55.0,107.0,36.0,3590.0,700.0,13.0,55.5,41.5,5.0,46.0,23.5,0.0,average,average,,,5,5,5,5.0,acceptable,good,excellent,28000.0,0.0,
Ford Ranger,truck,truck,USA,6.0,front,3.5,6.0,201.0,22.0,,,8.3,154.0,,48.5,202.0,70.0,68.0,126.0,45.0,3870.0,1210.0,,54.0,42.5,5.0,18.0,22.5,2.0,average,poor,,,5,4,4,,acceptable,marginal,average,25000.0,0.0,
Ford Taurus,car,family car,USA,5.0,front or all,3.5,6.0,263.0,18.0,27.0,12.0,7.9,138.0,149.0,53.0,202.0,75.0,62.0,113.0,42.0,3900.0,950.0,21.0,57.5,41.0,3.5,57.5,32.0,4.0,average,average,very good,very good,5,5,5,5.0,good,good,good,28000.0,0.0,
Ford Taurus X,sport utility,midsize sport utility,USA,5.0,front or all,3.5,6.0,263.0,16.0,23.0,11.0,8.5,147.0,152.0,52.0,200.0,75.0,67.0,113.0,42.0,4420.0,1150.0,38.0,58.5,38.5,3.0,58.0,30.0,5.0,average,average,,,5,5,5,5.0,good,good,good,34000.0,0.0,
Ford Thunderbird,car,sports car,USA,5.0,front or all,3.5,6.0,275.0,16.0,24.0,10.0,8.8,142.0,162.0,50.0,186.0,72.0,52.0,107.0,38.0,3905.0,455.0,7.0,57.5,40.5,2.0,,,,average,good,very good,good,4,5,5,,,,excellent,50000.0,0.0,
GMC Acadia,sport utility,midsize sport utility,USA,6.0,front or all,3.5,6.0,263.0,16.0,23.0,11.0,9.6,156.0,167.0,47.5,201.0,78.0,70.0,119.0,42.0,5015.0,1320.0,48.5,62.0,41.0,3.5,60.5,30.0,3.5,fair,average,,,5,5,5,5.0,good,good,good,37000.0,0.0,
GMC Canyon,truck,truck,USA,5.0,rear or selectable 4WD,3.5,6.0,242.0,15.0,21.0,10.0,9.1,152.0,159.0,49.5,207.0,69.0,65.0,126.0,48.0,4270.0,1125.0,,54.5,42.0,5.0,54.0,26.0,3.0,poor,poor,,,5,5,4,5.0,acceptable,poor,good,27000.0,0.0,
GMC Envoy,sport utility,midsize sport utility,USA,5.0,rear or all,4.2,6.0,285.0,14.0,,,8.5,153.0,,49.5,192.0,75.0,75.0,113.0,39.0,4830.0,1020.0,39.0,58.5,40.0,2.5,58.0,25.5,3.5,average,poor,,,3,4,5,5.0,acceptable,marginal,good,35000.0,0.0,
GMC Sierra 1500,truck,truck,USA,5.0,rear or all,3.5,6.0,315.0,14.0,20.0,10.0,8.5,153.0,185.0,46.5,230.0,80.0,74.0,144.0,50.0,5435.0,1570.0,,64.5,41.0,6.5,64.5,29.0,6.0,average,average,,,5,5,5,5.0,,,good,37000.0,0.0,
GMC Yukon,sport utility,large sport utility,USA,8.0,rear or all,3.5,6.0,320.0,19.0,25.0,14.0,9.6,156.0,197.0,47.0,202.0,79.0,77.0,116.0,42.0,5715.0,1580.0,50.5,64.5,41.0,7.0,65.0,27.5,3.5,average,,,,5,5,5,5.0,,,average,48000.0,0.0,
GMC Yukon XL,sport utility,large sport utility,USA,5.0,front,3.5,6.0,244.0,14.0,20.0,9.0,9.1,147.0,165.0,45.0,222.0,79.0,77.0,130.0,45.0,5935.0,1460.0,61.0,64.5,41.5,3.5,64.5,29.5,3.5,fair,average,,,5,5,5,5.0,,,average,53000.0,0.0,
Honda Accord,car,family car,Asia,5.0,front,3.5,6.0,268.0,21.0,30.0,15.0,7.4,137.0,148.0,53.5,194.0,73.0,58.0,110.0,40.0,3570.0,850.0,14.0,56.5,40.5,4.0,54.5,30.0,2.5,good,good,very good,very good,5,5,5,3.0,good,good,excellent,28000.0,0.0,
Honda Civic,car,small car,Asia,5.0,front,1.8,4.0,113.0,30.0,45.0,19.0,11.6,143.0,151.0,51.5,175.0,68.0,57.0,103.0,39.0,2645.0,850.0,13.0,52.5,41.5,3.0,52.0,28.0,2.0,excellent,good,very good,very good,5,5,4,5.0,good,good,good,22000.0,0.0,
Honda Civic Hybrid,car,small car,Asia,5.0,front or all,1.3,4.0,110.0,37.0,47.0,26.0,11.7,137.0,139.0,52.5,175.0,68.0,56.0,103.0,38.0,2730.0,850.0,10.0,52.5,41.5,5.0,52.0,28.0,3.5,good,excellent,very good,good,5,5,4,5.0,good,good,good,25000.0,0.0,
Honda CR-V,sport utility,small sport utility,Asia,5.0,front,2.4,4.0,166.0,21.0,29.0,15.0,10.6,135.0,139.0,53.5,178.0,72.0,66.0,103.0,39.0,3505.0,850.0,25.5,56.5,41.0,4.0,55.0,29.5,4.0,excellent,good,very good,good,5,5,5,5.0,good,good,good,29000.0,0.0,
Honda Element,sport utility,small sport utility,Asia,5.0,front or all,2.4,4.0,166.0,21.0,29.0,14.0,10.4,140.0,162.0,51.5,170.0,72.0,70.0,101.0,36.0,3650.0,675.0,47.0,57.0,41.0,7.5,52.0,31.0,2.0,excellent,good,very good,good,5,5,5,5.0,good,good,average,24000.0,0.0,
Honda Fit,car,family car,Asia,5.0,front,1.5,4.0,109.0,,,,,,,,157.0,66.0,60.0,97.0,,2515.0,,,53.0,,,50.5,,,good,excellent,,,5,5,5,4.0,good,good,good,16000.0,0.0,
Honda Insight,car,small car,Asia,2.0,front,1.0,3.0,80.0,51.0,,,11.2,132.0,,52.0,155.0,67.0,53.0,95.0,34.0,1875.0,365.0,16.0,49.5,41.5,3.5,,,,,,good,good,4,4,5,,,,,19000.0,0.0,
Honda Odyssey,minivan,minivan,Asia,7.0,front,3.5,6.0,255.0,19.0,28.0,12.0,8.6,136.0,144.0,50.0,201.0,77.0,69.0,118.0,40.0,4615.0,1320.0,66.5,62.5,41.5,4.5,62.0,31.0,5.5,good,good,very good,very good,5,5,5,5.0,good,good,good,33000.0,0.0,
Honda Pilot,sport utility,midsize sport utility,Asia,8.0,all,3.5,6.0,250.0,18.0,26.0,12.0,9.1,149.0,165.0,47.5,188.0,78.0,71.0,107.0,40.0,4535.0,1320.0,42.5,61.0,41.0,7.5,61.0,29.0,6.0,good,good,very good,good,5,5,5,5.0,good,good,good,35000.0,0.0,
Honda Ridgeline,truck,truck,Asia,5.0,all,3.5,6.0,247.0,15.0,23.0,10.0,8.6,149.0,153.0,48.0,207.0,76.0,70.0,122.0,45.0,4540.0,1530.0,,63.0,42.0,6.5,63.0,28.0,4.5,excellent,good,very good,good,5,5,5,5.0,good,good,good,32000.0,0.0,
Honda S2000,car,convertible,Asia,2.0,rear,2.2,4.0,240.0,25.0,30.0,19.0,5.8,126.0,134.0,57.0,162.0,69.0,51.0,95.0,36.0,2790.0,400.0,5.0,50.0,41.5,4.0,,,,excellent,excellent,excellent,excellent,4,4,5,,,,excellent,37000.0,0.0,
Hummer H2,sport utility,luxury sport utility,USA,6.0,all,6.2,8.0,393.0,11.0,14.0,7.0,8.5,159.0,181.0,44.0,204.0,81.0,79.0,123.0,45.0,6700.0,1800.0,38.0,65.0,40.0,3.5,65.0,26.5,3.5,,,very good,fair,,,,,,,,63000.0,0.0,
Hummer H3,sport utility,midsize sport utility,USA,5.0,all,3.5,5.0,220.0,14.0,20.0,10.0,11.5,149.0,170.0,45.5,187.0,75.0,74.0,112.0,37.0,4940.0,940.0,37.5,54.0,42.0,4.0,53.0,27.0,3.0,average,fair,,,5,4,5,5.0,acceptable,acceptable,average,40000.0,0.0,
Hyundai Accent,car,small car,USA,5.0,front,1.6,4.0,110.0,28.0,37.0,19.0,12.5,134.0,153.0,55.0,169.0,67.0,58.0,98.0,36.0,2590.0,850.0,12.0,53.0,40.5,4.5,52.0,25.5,2.0,good,fair,good,good,5,5,4,3.0,acceptable,poor,good,14000.0,1.0,
Hyundai Azera,car,upscale car,Asia,5.0,front,3.8,6.0,263.0,19.0,29.0,12.0,7.1,134.0,144.0,51.5,193.0,73.0,59.0,109.0,41.0,3835.0,860.0,17.0,57.5,40.0,4.0,56.0,29.0,3.5,average,good,very good,good,4,4,5,5.0,good,acceptable,good,28000.0,0.0,
Hyundai Elantra,car,small car,Asia,5.0,front,2.0,4.0,138.0,27.0,36.0,18.0,10.4,138.0,152.0,51.0,177.0,70.0,58.0,104.0,37.0,2945.0,850.0,14.0,55.0,40.0,3.0,53.0,26.5,2.0,excellent,average,very good,very good,5,5,4,4.0,good,marginal,good,17000.0,0.0,
Hyundai Entourage,minivan,minivan,Asia,7.0,front,2.0,4.0,250.0,17.0,25.0,11.0,9.0,141.0,152.0,50.5,202.0,78.0,69.0,119.0,43.0,4725.0,1155.0,65.0,63.0,40.0,5.0,65.0,31.0,2.0,poor,average,,,5,5,5,5.0,good,good,good,30000.0,0.0,
Hyundai Genesis,car,upscale car,Asia,5.0,rear,3.3,6.0,264.0,21.0,31.0,15.0,6.3,125.0,137.0,51.5,196.0,73.0,58.0,116.0,39.0,3860.0,860.0,,57.0,41.0,2.5,56.5,30.0,2.5,,,very good,very good,5,5,5,5.0,,,excellent,36000.0,0.0,
Hyundai Santa Fe,sport utility,small sport utility,Asia,5.0,front or all,3.3,6.0,242.0,18.0,25.0,12.0,8.5,131.0,139.0,51.5,184.0,74.0,68.0,106.0,39.0,4345.0,1120.0,37.5,59.5,41.0,3.0,57.5,27.5,4.5,good,good,very good,fair,5,5,5,5.0,good,good,good,30000.0,0.0,
Hyundai Sonota,car,family car,Asia,5.0,front,3.3,6.0,249.0,22.0,32.0,15.0,7.4,133.0,144.0,52.5,189.0,72.0,58.0,107.0,39.0,3605.0,860.0,16.0,57.0,41.0,3.0,55.5,29.5,3.0,good,average,very good,good,5,5,5,5.0,good,acceptable,good,26000.0,0.0,
Hyundai Tiburon,car,sports car,Asia,4.0,front,2.7,6.0,170.0,22.0,,,7.9,137.0,,52.5,173.0,69.0,52.0,100.0,38.0,3110.0,700.0,15.0,54.0,41.5,2.0,47.0,25.0,0.0,average,average,very good,very good,5,4,4,,,,good,22000.0,0.0,
Hyundai Tucson,sport utility,small sport utility,Asia,5.0,front or all,2.7,6.0,173.0,18.0,24.0,13.0,10.1,132.0,143.0,51.0,170.0,71.0,66.0,104.0,39.0,3800.0,860.0,31.0,55.5,41.0,5.0,55.5,29.0,4.0,good,average,good,good,5,5,5,5.0,acceptable,acceptable,good,24000.0,0.0,
Hyundai Veracruz,sport utility,midsize sport utility,Asia,7.0,front or all,3.8,6.0,260.0,17.0,24.0,11.0,8.6,138.0,154.0,50.0,191.0,77.0,69.0,110.0,41.0,4610.0,1160.0,41.5,59.5,39.0,3.0,59.5,29.5,4.0,average,good,good,good,5,5,5,5.0,good,good,good,35000.0,0.0,
Infiniti EX,sport utility,small sport utility,Asia,5.0,rear or all,3.5,6.0,297.0,18.0,26.0,12.0,6.7,130.0,140.0,53.0,182.0,71.0,62.0,110.0,39.0,3955.0,1075.0,,54.0,42.0,3.0,53.0,26.0,3.0,good,,excellent,very good,4,4,5,5.0,good,,good,38000.0,0.0,
Infiniti FX,sport utility,midsize sport utility,Asia,5.0,front,3.5,6.0,280.0,18.0,,,7.4,135.0,,49.0,189.0,77.0,65.0,112.0,42.0,4295.0,950.0,29.0,55.5,42.5,4.5,56.0,29.0,4.0,,,excellent,good,,,,,good,,,55000.0,0.0,
Infiniti G35,car,upscale car,Asia,5.0,front,3.5,6.0,306.0,18.0,25.0,12.0,5.6,125.0,134.0,55.0,187.0,70.0,57.0,112.0,38.0,3635.0,900.0,14.0,55.0,41.0,2.5,54.5,27.5,1.5,good,good,excellent,excellent,5,4,5,5.0,good,good,excellent,38000.0,0.0,
Infiniti I35,car,upscale car,Asia,5.0,front,3.5,6.0,255.0,20.0,,,7.0,128.0,,51.5,194.0,70.0,57.0,108.0,44.0,3400.0,880.0,15.0,56.0,41.0,2.5,56.0,29.5,1.5,excellent,average,very good,very good,,,,,,,,40000.0,0.0,
Infiniti M35/M45,car,luxury car,Asia,5.0,rear,3.5,6.0,280.0,18.0,25.0,12.0,7.0,122.0,134.0,55.0,193.0,71.0,59.0,114.0,39.0,3890.0,860.0,13.0,57.0,41.0,4.0,54.5,30.0,3.0,good,good,excellent,very good,,,,,good,good,,52000.0,0.0,
Infiniti QX,sport utility,luxury sport utility,Asia,8.0,rear or 4WD,5.6,8.0,275.0,,,,,,,,207.0,80.0,79.0,123.0,,5905.0,1405.0,,65.0,,,64.5,,,average,fair,,,5,4,,,,,average,59000.0,0.0,
Isuzu Ascender,sport utility,small sport utility,Asia,7.0,rear or selectable 4WD,4.2,6.0,315.0,,,,,,,,192.0,75.0,75.0,113.0,39.0,4830.0,1155.0,39.0,58.5,40.0,2.5,58.0,25.5,3.5,,,,,3,4,5,5.0,acceptable,good,good,29000.0,0.0,
Isuzu i-Series,truck,truck,Asia,5.0,rear or parttime 4WD,3.7,5.0,242.0,,,,,,,,207.0,69.0,65.0,126.0,,4095.0,1340.0,,57.0,,,57.0,,,,,,,5,5,4,5.0,good,,good,26000.0,0.0,
Jaguar X-Type,car,upscale car,Europe,5.0,all,3.0,6.0,227.0,19.0,,,7.8,136.0,,53.0,184.0,70.0,55.0,107.0,38.0,3625.0,880.0,16.0,54.0,41.0,2.5,53.0,27.0,2.0,,,excellent,very good,4,4,4,4.0,acceptable,,good,37000.0,0.0,
Jaguar XF,car,luxury car,Europe,5.0,rear,4.2,8.0,300.0,20.0,27.0,13.0,6.4,133.0,144.0,50.5,195.0,72.0,58.0,115.0,40.0,4015.0,880.0,18.0,56.0,41.5,3.5,56.0,27.5,2.0,,,,,,,,,,,,55000.0,0.0,
Jaguar XJ,car,luxury car,Europe,5.0,rear,4.2,8.0,294.0,19.0,30.0,12.0,7.1,133.0,143.0,52.0,200.0,73.0,57.0,119.0,41.0,3860.0,880.0,17.0,58.0,41.5,4.0,58.5,29.5,3.5,,,very good,very good,  ,  ,,,,,,88000.0,0.0,
Jaguar XK,car,sports car,Europe,4.0,rear,4.2,8.0,300.0,19.0,27.0,13.0,7.0,128.0,138.0,53.5,189.0,82.0,52.0,108.0,38.0,3890.0,840.0,11.0,56.0,42.5,4.0,41.0,17.0,0.0,fair,good,very good,very good,,,,,,,,82000.0,0.0,
Jeep Commander,sport utility,midsize sport utility,USA,7.0,rear or 4WD,5.7,8.0,330.0,13.0,19.0,9.0,7.3,148.0,160.0,44.5,189.0,89.0,72.0,110.0,41.0,5245.0,1100.0,38.5,59.0,42.0,4.5,58.0,26.5,5.0,poor,fair,good,fair,5,5,,,,,,42000.0,0.0,
Jeep Compass,sport utility,small sport utility,USA,5.0,front or all,2.4,4.0,172.0,22.0,28.0,16.0,10.1,143.0,163.0,53.0,173.0,69.0,65.0,104.0,38.0,3380.0,925.0,26.5,54.0,41.5,6.5,53.5,27.0,5.0,average,fair,,,4,4,5,5.0,good,good,,23000.0,0.0,
Jeep Grand Cherokee,sport utility,small sport utility,USA,5.0,rear or selectable 4WD,4.7,8.0,305.0,15.0,20.0,10.0,7.6,139.0,152.0,51.5,186.0,84.0,69.0,109.0,41.0,4690.0,1050.0,33.0,59.0,42.0,2.0,58.5,26.0,3.0,poor,fair,good,good,5,5,5,5.0,good,marginal,good,42000.0,0.0,
Jeep Liberty,sport utility,small sport utility,USA,5.0,rear or selectable 4WD,3.7,6.0,210.0,16.0,22.0,11.0,9.2,150.0,155.0,48.5,177.0,72.0,70.0,106.0,39.0,4220.0,950.0,36.5,57.0,41.0,3.0,56.5,28.0,5.0,fair,fair,very good,fair,5,5,5,5.0,good,marginal,average,27000.0,0.0,
Jeep Patriot,sport utility,small sport utility,USA,5.0,front or all,2.4,4.0,172.0,20.0,25.0,14.0,10.8,146.0,168.0,48.0,174.0,69.0,64.0,104.0,38.0,3575.0,925.0,29.5,54.5,41.0,4.0,54.0,26.0,6.0,good,fair,,fair,4,5,5,5.0,good,good,good,23000.0,0.0,
Jeep Wrangler,sport utility,small sport utility,USA,4.0,parttime 4WD,3.8,6.0,205.0,15.0,21.0,10.0,10.7,150.0,172.0,46.0,173.0,74.0,71.0,116.0,43.0,4550.0,850.0,34.5,56.0,41.0,5.5,57.0,28.0,5.0,poor,average,,,5,5,,,good,marginal,good,30000.0,0.0,
Kia Amanti,car,upscale car,Asia,5.0,front,3.8,6.0,264.0,18.0,27.0,12.0,7.3,142.0,155.0,50.0,197.0,73.0,59.0,110.0,42.0,3870.0,860.0,16.0,58.0,41.0,3.0,56.5,28.5,4.0,,,good,good,5,5,5,5.0,good,good,,25000.0,0.0,
Kia Borrego,sport utility,midsize sport utility,Asia,7.0,rear or all,3.8,6.0,262.0,,,,,,,,192.0,75.0,70.0,114.0,,4510.0,,,,,,,,,,,,,5,5,5,5.0,,,good,32000.0,0.0,
Kia Optima,car,family car,Asia,5.0,front,2.7,6.0,185.0,21.0,31.0,14.0,8.6,141.0,144.0,54.0,186.0,71.0,58.0,107.0,39.0,3430.0,825.0,15.0,56.0,40.5,2.5,55.5,29.0,2.0,excellent,fair,good,,4,5,4,3.0,good,acceptable,good,23000.0,0.0,
Kia Rio,car,small car,Asia,5.0,front,1.6,4.0,110.0,28.0,37.0,19.0,12.8,132.0,150.0,55.5,167.0,67.0,58.0,98.0,35.0,2615.0,850.0,9.0,53.5,40.0,4.5,52.0,25.0,2.0,,,,good,5,5,5,4.0,acceptable,poor,good,15000.0,0.0,
Kia Rondo,car,wagon,Asia,7.0,front,2.7,6.0,182.0,21.0,29.0,14.0,9.6,140.0,163.0,52.0,179.0,72.0,65.0,106.0,39.0,3660.0,825.0,33.0,57.0,40.0,6.0,56.5,28.0,5.0,good,average,very good,good,5,5,5,4.0,,,good,21000.0,0.0,
Kia Sedona,minivan,minivan,Asia,7.0,front,3.8,6.0,244.0,17.0,25.0,11.0,9.0,141.0,152.0,50.5,202.0,78.0,69.0,119.0,43.0,4725.0,1155.0,65.0,63.0,40.0,5.0,65.0,31.0,2.0,fair,fair,good,,5,5,5,5.0,good,good,good,26000.0,0.0,
Kia Sorento,sport utility,small sport utility,Asia,5.0,rear or parttime 4WD,3.3,6.0,242.0,17.0,23.0,13.0,8.0,138.0,141.0,50.5,180.0,74.0,71.0,107.0,38.0,4500.0,880.0,32.0,58.5,40.0,4.5,57.5,28.5,5.0,fair,poor,good,good,5,5,5,5.0,good,poor,good,26000.0,0.0,
Kia Spectra,car,small car,Asia,5.0,front,2.0,4.0,138.0,25.0,36.0,18.0,11.4,144.0,153.0,50.0,176.0,68.0,58.0,103.0,37.0,2875.0,850.0,12.0,55.0,41.0,5.0,54.0,28.0,2.5,good,fair,good,good,5,5,4,4.0,acceptable,marginal,good,17000.0,0.0,
Kia Sportage,sport utility,small sport utility,Asia,5.0,front or all,2.7,6.0,173.0,18.0,25.0,13.0,11.3,148.0,172.0,52.5,170.0,71.0,66.0,104.0,38.0,3750.0,860.0,31.0,56.0,40.0,4.0,54.0,29.0,5.0,good,average,very good,good,5,5,5,5.0,acceptable,acceptable,good,23000.0,0.0,
Land Rover Freelander,sport utility,midsize sport utility,USA,5.0,all,2.5,6.0,174.0,17.0,,,10.7,127.0,,52.5,175.0,71.0,69.0,101.0,40.0,3640.0,905.0,29.0,55.5,40.5,2.5,55.0,28.0,3.0,poor,poor,very good,,4,,,,,,,26000.0,0.0,
Land Rover LR2,sport utility,small sport utility,USA,5.0,all,3.2,6.0,230.0,18.0,25.0,12.0,9.1,128.0,139.0,51.5,177.0,75.0,69.0,105.0,39.0,4325.0,1100.0,,57.0,41.0,3.5,57.5,27.5,5.0,poor,average,very good,poor,,,,,,,,35000.0,0.0,
Land Rover LR3,sport utility,luxury sport utility,USA,7.0,all,4.4,8.0,300.0,13.0,21.0,9.0,9.1,134.0,145.0,47.5,191.0,75.0,74.0,114.0,39.0,5705.0,1475.0,51.5,59.5,41.0,5.5,59.5,28.0,6.5,poor,,,,,,,,,,,50000.0,0.0,
Land Rover Range Rover,sport utility,luxury sport utility,USA,5.0,4WD,4.4,8.0,282.0,,,,,,,,196.0,86.0,75.0,113.0,42.0,5670.0,1055.0,38.0,61.0,41.0,5.0,60.0,30.5,3.5,poor,average,,,,,,,,,,85000.0,0.0,
Land Rover Range Rover Sport,sport utility,luxury sport utility,USA,5.0,parttime 4WD,4.4,8.0,300.0,14.0,20.0,9.0,9.4,131.0,144.0,50.5,189.0,76.0,70.0,108.0,40.0,5500.0,1300.0,34.0,59.0,41.0,3.5,58.0,27.0,3.5,poor,,excellent,very good,,,,,,,,62000.0,0.0,
Lexus ES,car,upscale car,Asia,5.0,front,3.5,6.0,272.0,23.0,34.0,15.0,6.4,131.0,140.0,50.5,191.0,72.0,57.0,109.0,39.0,3670.0,900.0,15.0,56.0,42.0,2.5,55.5,28.5,1.5,good,good,good,good,5,5,5,4.0,good,good,good,35000.0,0.0,
Lexus GS,car,luxury car,Asia,5.0,rear,3.0,6.0,245.0,20.0,29.0,14.0,7.4,133.0,147.0,51.0,190.0,72.0,57.0,112.0,38.0,3915.0,815.0,13.0,55.5,41.5,2.0,54.5,28.0,2.0,average,average,very good,very good,,,,,good,good,,56000.0,0.0,
Lexus GX,sport utility,luxury sport utility,Asia,8.0,all,4.7,8.0,235.0,15.0,21.0,11.0,8.0,135.0,136.0,49.0,188.0,74.0,73.0,110.0,41.0,4825.0,1225.0,39.5,57.5,41.5,4.0,57.0,29.0,6.0,good,good,good,,,,,,,,,48000.0,0.0,
Lexus IS,car,upscale car,Asia,5.0,rear or all,2.5,6.0,204.0,24.0,34.0,17.0,7.7,131.0,134.0,55.5,180.0,71.0,56.0,108.0,35.0,3510.0,825.0,13.0,54.0,41.5,2.0,51.0,25.5,2.0,excellent,good,excellent,fair,4,4,5,4.0,good,good,good,45000.0,0.0,
Lexus LS,car,luxury car,Asia,5.0,rear,4.6,8.0,380.0,21.0,32.0,13.0,6.2,140.0,153.0,48.5,203.0,74.0,58.0,122.0,40.0,4515.0,825.0,18.0,57.0,41.5,3.5,53.5,35.0,3.5,good,excellent,very good,very good,,  ,  ,,good,,,95000.0,0.0,
Lexus LX,sport utility,luxury sport utility,Asia,7.0,4WD,4.7,8.0,235.0,,,,,,,,197.0,78.0,74.0,112.0,,5400.0,1400.0,,,,,,,,,good,,good,,  ,  ,,,,,75000.0,0.0,
Lexus RX,sport utility,small sport utility,Asia,5.0,front or all,3.5,6.0,270.0,19.0,26.0,13.0,7.3,130.0,141.0,50.5,186.0,73.0,66.0,107.0,40.0,4235.0,925.0,34.5,57.5,41.0,3.0,56.5,29.5,4.0,good,good,good,good,5,5,5,5.0,good,,good,40000.0,0.0,
Lexus RX Hybrid,sport utility,small sport utility,Asia,5.0,front or all,3.3,6.0,268.0,23.0,29.0,16.0,7.4,130.0,146.0,47.5,187.0,73.0,66.0,107.0,41.0,4550.0,925.0,34.5,57.5,41.0,3.0,56.5,29.5,4.0,excellent,good,very good,fair,5,5,5,5.0,good,,good,50000.0,0.0,
Lexus SC,car,sports car,Asia,4.0,rear,4.3,8.0,288.0,21.0,29.0,14.0,6.5,127.0,144.0,53.0,179.0,72.0,53.0,103.0,38.0,3870.0,645.0,8.0,53.0,41.0,3.0,45.0,17.0,0.0,excellent,good,very good,good,4,5,5,5.0,,,,67000.0,0.0,
Lincoln Aviator,sport utility,large sport utility,USA,7.0,real or selectable 4WD,4.6,8.0,302.0,,,,,,,,193.0,76.0,71.0,114.0,,5085.0,,,59.5,40.5,3.0,58.0,28.0,4.5,fair,average,,,,,,,good,,,43000.0,0.0,
Lincoln LS,car,upscale car,USA,5.0,rear,3.0,6.0,232.0,19.0,,,8.3,,,,194.0,73.0,56.0,115.0,40.0,3700.0,900.0,13.0,58.0,41.0,3.5,57.0,28.5,2.5,fair,average,very good,,5,4,4,5.0,good,,excellent,41000.0,0.0,
Lincoln Mark LT,truck,truck,USA,5.0,rear or parttime 4WD,5.4,8.0,300.0,,,,,,,,224.0,79.0,74.0,139.0,,5312.0,1540.0,,66.0,,,66.0,,,,,,very good,5,5,,,,,good,42000.0,0.0,
Lincoln MKS,car,upscale car,USA,5.0,front or all,3.7,6.0,273.0,20.0,29.0,13.0,7.4,137.0,144.0,50.0,204.0,76.0,62.0,113.0,42.0,4020.0,950.0,18.0,58.5,42.0,4.0,57.5,29.0,3.5,,,good,good,5,5,5,5.0,good,good,good,40000.0,0.0,
Lincoln MKX,sport utility,midsize sport utility,USA,5.0,front or all,3.5,6.0,265.0,16.0,24.0,10.0,8.2,149.0,162.0,49.0,187.0,76.0,67.0,111.0,41.0,4620.0,910.0,36.5,59.5,40.5,3.0,59.0,31.0,5.5,average,average,,,5,4,5,5.0,good,good,good,39000.0,0.0,
Lincoln MKZ,car,upscale car,USA,5.0,front or all,3.5,6.0,263.0,20.0,30.0,13.0,6.9,134.0,135.0,53.0,191.0,72.0,57.0,107.0,42.0,3625.0,875.0,16.0,57.0,41.0,2.0,55.0,28.5,2.0,good,good,very good,very good,5,5,5,4.0,good,acceptable,good,34000.0,0.0,
Lincoln Navigator,sport utility,luxury sport utility,USA,5.0,rear or selectable 4WD,5.4,8.0,300.0,13.0,18.0,8.0,8.8,149.0,167.0,48.0,208.0,79.0,78.0,119.0,42.0,6245.0,1525.0,57.0,63.0,40.0,4.0,64.0,28.0,5.0,average,average,,,5,5,5,5.0,,,good,58000.0,0.0,
Lincoln Town Car,car,luxury car,USA,6.0,rear,4.8,8.0,239.0,17.0,27.0,11.0,8.7,143.0,154.0,47.5,215.0,78.0,59.0,118.0,42.0,4415.0,1100.0,21.0,60.5,42.0,3.0,60.0,30.0,3.5,good,good,good,,5,5,5,5.0,good,,excellent,49000.0,0.0,
Lincoln Zephyr,car,upscale car,USA,5.0,front,3.0,6.0,221.0,,,,,,,,191.0,72.0,56.0,107.0,43.0,3555.0,850.0,16.0,57.5,41.5,2.0,55.0,29.0,2.0,,,,fair,,,,,,,,29000.0,0.0,
Lotus Elise,car,sports car,Europe,2.0,rear or parttime 4WD,1.8,4.0,190.0,29.0,33.0,24.0,4.6,117.0,132.0,57.0,149.0,68.0,44.0,91.0,37.0,2000.0,550.0,,43.5,38.0,4.0,,,,,,very good,excellent,,,,,,,,59000.0,0.0,
Mazda B-Series,truck,truck,Asia,5.0,rear or parttime 4WD,3.0,6.0,148.0,,,,,,,,202.0,70.0,68.0,126.0,45.0,3870.0,1210.0,,54.0,42.5,5.0,18.0,22.5,2.0,average,,,,5,4,4,,acceptable,marginal,average,24000.0,0.0,
Mazda CX-7,sport utility,small sport utility,Asia,5.0,front or all,2.3,4.0,244.0,18.0,25.0,12.0,9.1,128.0,140.0,51.0,184.0,74.0,65.0,108.0,41.0,4025.0,850.0,28.0,57.5,41.5,3.0,55.0,28.0,4.0,average,poor,,,5,5,5,5.0,good,good,good,28000.0,0.0,
Mazda CX-9,sport utility,midsize sport utility,Asia,7.0,front or all,3.7,6.0,273.0,16.0,24.0,10.0,8.2,137.0,154.0,48.5,200.0,76.0,68.0,113.0,40.0,4600.0,1190.0,37.5,58.0,41.0,3.0,57.5,30.0,4.5,average,average,very good,good,5,5,5,5.0,good,good,,35000.0,0.0,
Mazda MPV,minivan,minivan,Asia,7.0,front,3.0,6.0,200.0,19.0,,,10.0,135.0,,49.5,188.0,72.0,69.0,112.0,41.0,3925.0,1305.0,56.0,60.0,41.0,6.5,60.5,27.5,5.0,,,very good,good,5,5,5,5.0,,,,27000.0,0.0,
Mazda MX-5 Miata,car,sports car,Asia,2.0,rear,2.0,4.0,170.0,27.0,32.0,21.0,6.7,121.0,138.0,57.5,157.0,68.0,49.0,92.0,33.0,2510.0,340.0,5.0,53.0,40.0,1.5,,,,good,excellent,excellent,excellent,,,,,,,,27000.0,0.0,
Mazda RX-8,car,sports car,Asia,4.0,rear,1.3,1.3,238.0,18.0,22.0,14.0,6.7,117.0,130.0,56.0,174.0,70.0,53.0,106.0,38.0,3085.0,680.0,8.0,54.5,40.0,1.5,50.5,26.0,1.5,average,,excellent,excellent,4,5,4,4.0,,,excellent,31000.0,0.0,
MazdaSpeed3,car,sports car,Asia,4.0,front,2.3,4.0,263.0,24.0,32.0,17.0,6.8,123.0,135.0,56.0,177.0,69.0,58.0,104.0,40.0,3200.0,850.0,,54.5,41.0,5.0,52.5,26.0,4.0,average,excellent,excellent,excellent,4,4,3,3.0,good,,,25000.0,0.0,
Mazda Tribute,sport utility,small sport utility,Asia,5.0,front or 4WD,1.3,1.3,200.0,19.0,26.0,13.0,10.5,161.0,215.0,49.5,175.0,70.0,70.0,103.0,40.0,3575.0,950.0,38.5,56.5,40.5,4.5,55.0,28.0,5.0,average,fair,very good,very good,5,5,5,5.0,good,good,average,23000.0,0.0,
Mazda3,car,wagon,Asia,5.0,front,2.3,4.0,160.0,25.0,35.0,17.0,9.5,129.0,139.0,54.0,178.0,69.0,58.0,104.0,36.0,2815.0,850.0,11.0,55.0,41.5,5.5,53.0,27.0,2.0,excellent,good,excellent,very good,4,4,,,good,,good,24000.0,0.0,
Mazda5,car,wagon,Asia,6.0,front,2.3,4.0,157.0,23.0,31.0,16.0,10.3,142.0,154.0,50.5,182.0,69.0,64.0,108.0,37.0,3480.0,1020.0,39.0,55.0,41.0,4.5,55.0,29.5,4.5,average,average,,,5,5,5,4.0,,,good,22000.0,0.0,
Mazda6,car,wagon,Asia,5.0,front,3.7,6.0,272.0,20.0,31.0,13.0,6.8,133.0,154.0,50.5,194.0,72.0,58.0,110.0,40.0,3185.0,850.0,15.0,56.0,42.0,3.0,55.0,29.0,2.0,,,very good,very good,5,5,5,5.0,good,,excellent,29000.0,0.0,
Mercedes-Benz C-Class,car,upscale car,Europe,5.0,rear or all,3.0,6.0,228.0,21.0,30.0,14.0,6.8,129.0,138.0,54.0,182.0,70.0,57.0,109.0,35.0,3565.0,835.0,12.0,54.0,42.0,2.5,53.5,26.0,1.5,average,average,excellent,very good,4,4,5,5.0,good,good,good,42000.0,0.0,
Mercedes-Benz CLK,car,coupe,Europe,4.0,rear,3.0,6.0,268.0,,,,,,,,183.0,68.0,55.0,107.0,,3515.0,,10.0,53.0,,,49.5,,,average,fair,,,,,,,,,,64000.0,0.0,
Mercedes-Benz CLS,car,luxury car,Europe,4.0,rear,5.0,8.0,302.0,18.0,24.0,12.0,6.1,126.0,133.0,52.5,194.0,74.0,55.0,112.0,38.0,4060.0,915.0,16.0,55.5,44.0,3.5,55.0,27.5,0.5,fair,average,very good,very good,,,,,,,,90000.0,0.0,
Mercedes-Benz E-Class,car,luxury car,Europe,5.0,rear,3.2,6.0,268.0,21.0,29.0,14.0,6.5,136.0,152.0,54.0,190.0,72.0,58.0,112.0,38.0,3845.0,1010.0,16.0,55.0,42.5,3.5,54.0,28.0,3.0,average,average,excellent,very good,4,4,5,5.0,good,acceptable,excellent,83000.0,0.0,
Mercedes-Benz GL-Class,sport utility,luxury sport utility,Europe,7.0,4WD,4.6,8.0,335.0,15.0,22.0,10.0,7.4,136.0,154.0,47.0,200.0,76.0,72.0,121.0,42.0,5575.0,1210.0,45.5,57.0,42.0,5.5,57.0,27.0,5.5,poor,average,,,,,,,,,,75000.0,0.0,
Mercedes-Benz M-Class,sport utility,luxury sport utility,Europe,7.0,4WD,3.5,6.0,268.0,16.0,24.0,11.0,7.8,134.0,143.0,48.5,189.0,75.0,70.0,115.0,38.0,4845.0,1165.0,40.5,57.5,42.0,6.0,57.0,28.0,5.0,average,fair,,,5,5,5,5.0,good,good,good,65000.0,0.0,
Mercedes-Benz R-Class,sport utility,luxury sport utility,Europe,6.0,all,3.5,6.0,268.0,,,,,,,,203.0,76.0,65.0,127.0,41.0,5120.0,1060.0,40.5,59.5,41.5,3.5,59.0,30.5,2.5,poor,fair,,,,,,,good,acceptable,,49000.0,0.0,
Mercedes-Benz S-Class,car,luxury car,Europe,5.0,rear,5.5,8.0,382.0,17.0,27.0,11.0,6.0,141.0,154.0,51.5,205.0,73.0,58.0,125.0,40.0,4490.0,1135.0,16.0,57.0,44.0,4.0,57.5,32.0,4.0,average,excellent,excellent,very good,5,4,5,5.0,,,,125000.0,0.0,
Mercedes-Benz SL,car,sports car,Europe,2.0,rear,5.5,8.0,382.0,17.0,26.0,11.0,5.3,126.0,132.0,54.0,179.0,72.0,51.0,101.0,36.0,4235.0,570.0,10.0,52.5,43.0,2.0,,,,average,,excellent,very good,  ,  ,,,,,,135000.0,0.0,
Mercedes-Benz SLK,car,sports car,Europe,3.0,rear,3.5,6.0,268.0,21.0,29.0,15.0,6.2,118.0,130.0,55.0,161.0,70.0,51.0,96.0,34.0,3315.0,525.0,10.0,51.0,43.0,4.0,,,,average,average,,,,,,,,,,59000.0,0.0,
Mercury Grand Marquis,car,family car,USA,6.0,rear,4.6,8.0,239.0,16.0,25.0,10.0,8.0,140.0,151.0,50.0,212.0,78.0,57.0,115.0,42.0,4180.0,1100.0,21.0,61.0,40.5,5.5,60.5,27.5,3.0,average,average,good,good,5,5,5,5.0,good,marginal,excellent,29000.0,0.0,
Mercury Mariner,sport utility,small sport utility,USA,5.0,front or all,4.6,8.0,200.0,19.0,26.0,13.0,10.5,161.0,215.0,49.5,175.0,70.0,70.0,103.0,40.0,3605.0,1000.0,37.5,56.0,40.5,3.0,55.0,28.0,4.0,average,average,,,5,5,5,5.0,good,good,average,30000.0,0.0,
Mercury Milan,car,family car,USA,5.0,front,2.3,4.0,221.0,20.0,29.0,14.0,8.0,136.0,143.0,52.5,190.0,72.0,56.0,107.0,42.0,3480.0,850.0,16.0,57.5,40.5,2.5,56.0,28.0,2.5,excellent,good,,,5,5,5,4.0,good,good,excellent,26000.0,0.0,
Mercury Montego,car,family car,USA,5.0,front or all,3.0,6.0,203.0,21.0,,,8.7,147.0,,49.5,201.0,75.0,62.0,113.0,41.0,3725.0,950.0,21.0,58.0,40.0,5.0,57.5,31.0,3.0,average,good,,,5,5,5,5.0,,,good,28000.0,0.0,
Mercury Monterey,minivan,minivan,USA,7.0,front,4.2,6.0,201.0,17.0,,,9.2,137.0,,48.5,201.0,77.0,69.0,121.0,42.0,4425.0,1315.0,61.5,61.0,40.0,5.5,64.0,29.0,6.0,average,average,very good,good,5,5,4,5.0,good,,good,33000.0,0.0,
Mercury Mountaineer,sport utility,midsize sport utility,USA,6.0,front or all,2.3,4.0,239.0,15.0,22.0,10.0,9.7,152.0,163.0,50.5,193.0,74.0,73.0,114.0,38.0,4905.0,1275.0,48.0,58.5,40.5,2.5,58.5,28.0,4.0,fair,fair,,,5,5,5,5.0,good,acceptable,average,36000.0,0.0,
Mercury Sable,car,family car,USA,5.0,front or all,2.3,4.0,263.0,18.0,27.0,12.0,7.9,138.0,149.0,53.0,202.0,75.0,62.0,113.0,42.0,3900.0,950.0,21.0,57.5,41.0,3.5,57.5,32.0,4.0,average,average,,,5,5,5,5.0,good,good,good,30000.0,0.0,
Mini Cooper,car,small car,Europe,4.0,front,1.6,4.0,118.0,29.0,37.0,21.0,10.5,128.0,134.0,56.0,146.0,66.0,55.0,97.0,37.0,2690.0,815.0,11.0,49.0,41.5,3.5,43.5,22.0,2.0,excellent,excellent,excellent,very good,4,4,5,4.0,good,acceptable,excellent,28000.0,0.0,
Mitsubishi Eclipse,car,convertible,Asia,4.0,front,3.8,6.0,260.0,19.0,28.0,13.0,6.8,135.0,149.0,51.5,180.0,72.0,54.0,101.0,42.0,3345.0,660.0,16.0,55.0,41.5,2.5,44.0,23.5,0.0,average,fair,very good,good,,,,,good,good,,28000.0,0.0,
Mitsubishi Endeavor,sport utility,small sport utility,Asia,5.0,front or all,3.8,6.0,215.0,17.0,22.0,12.0,8.2,137.0,147.0,48.5,190.0,74.0,70.0,108.0,41.0,4195.0,970.0,40.0,58.5,41.5,4.5,58.0,30.0,4.5,,,good,good,5,4,5,5.0,good,good,,29000.0,0.0,
Mitsubishi Galant,car,family car,Asia,5.0,front,3.8,6.0,230.0,20.0,28.0,14.0,7.2,144.0,153.0,52.5,190.0,72.0,58.0,108.0,43.0,3715.0,825.0,13.0,57.0,41.0,2.5,55.5,29.5,2.0,,,very good,good,5,4,5,4.0,good,good,good,27000.0,0.0,
Mitsubishi Lancer,car,small car,Asia,5.0,front,2.0,4.0,152.0,25.0,34.0,17.0,9.8,144.0,159.0,49.5,180.0,69.0,59.0,104.0,37.0,3015.0,825.0,11.0,55.0,40.5,5.0,54.0,27.0,1.5,,,very good,very good,,,,,good,good,good,25000.0,0.0,
Mitsubishi Montero,sport utility,midsize sport utility,Asia,7.0,selectable 4WD,3.8,6.0,215.0,14.0,,,9.7,132.0,,47.0,190.0,75.0,72.0,110.0,40.0,4955.0,1180.0,45.0,58.0,41.0,4.5,57.5,30.5,3.0,,,fair,poor,  ,  ,,,acceptable,,,35000.0,0.0,
Mitsubishi Outlander,sport utility,small sport utility,Asia,5.0,front or all,3.0,6.0,220.0,19.0,26.0,13.0,8.3,132.0,142.0,52.5,183.0,71.0,66.0,105.0,38.0,3925.0,1155.0,33.5,56.0,41.0,4.5,55.0,30.0,3.0,good,average,excellent,very good,5,5,5,5.0,good,good,good,24000.0,0.0,
Mitsubishi Raider,truck,truck,Asia,5.0,rear or parttime 4WD,4.7,8.0,230.0,,,,,,,,220.0,72.0,69.0,131.0,,4700.0,1450.0,,57.5,,,57.5,,,,,,,5,5,5,5.0,good,marginal,good,35000.0,0.0,
Nissan 350Z,car,sports car,Asia,2.0,rear,3.5,6.0,287.0,20.0,27.0,14.0,6.2,124.0,130.0,57.0,169.0,72.0,52.0,104.0,37.0,3640.0,450.0,4.0,53.0,40.5,4.5,,,,excellent,good,excellent,excellent,5,4,5,,,,excellent,42000.0,0.0,
Nissan Altima,car,family car,Asia,5.0,front,3.5,6.0,270.0,23.0,30.0,16.0,6.4,136.0,144.0,53.0,190.0,71.0,58.0,109.0,40.0,3435.0,900.0,16.0,54.5,41.5,3.5,53.5,29.0,2.0,average,good,very good,very good,5,5,5,5.0,good,good,good,28000.0,0.0,
Nissan Armada,sport utility,large sport utility,Asia,8.0,rear or selectable 4WD,5.6,8.0,317.0,13.0,19.0,9.0,7.2,132.0,140.0,46.0,208.0,79.0,76.0,123.0,44.0,5715.0,1375.0,58.5,65.0,41.5,6.0,64.0,33.5,5.0,average,,good,good,5,4,,,good,good,average,45000.0,0.0,
Nissan Frontier,truck,truck,Asia,5.0,rear or parttime 4WD,4.0,6.0,261.0,15.0,21.0,11.0,7.9,142.0,156.0,50.0,206.0,73.0,70.0,126.0,46.0,4655.0,1160.0,,58.0,40.0,3.0,58.0,27.0,3.5,good,average,good,good,4,4,5,5.0,good,marginal,good,29000.0,0.0,
Nissan GT-R,car,sports car,Asia,4.0,all,3.8,6.0,480.0,,,,,,,,183.0,75.0,54.0,110.0,,,,9.0,,,,,,,,,,,5,5,5,5.0,,,,78000.0,0.0,
Nissan Maxima,car,upscale car,Asia,5.0,front,3.5,6.0,290.0,22.0,29.0,16.0,6.2,128.0,143.0,52.5,191.0,73.0,58.0,109.0,41.0,3555.0,900.0,16.0,55.5,42.0,4.0,54.5,30.0,2.0,,,very good,very good,5,5,5,5.0,good,,excellent,33000.0,0.0,
Nissan Murano,sport utility,small sport utility,Asia,5.0,front or all,3.5,6.0,265.0,19.0,26.0,13.0,7.6,136.0,148.0,48.5,189.0,74.0,67.0,111.0,40.0,4030.0,1200.0,,59.5,40.5,3.0,58.5,28.0,3.0,good,excellent,very good,good,4,4,5,5.0,good,good,good,36000.0,0.0,
Nissan Pathfinder,sport utility,midsize sport utility,Asia,5.0,rear or parttime 4WD,4.0,6.0,270.0,15.0,23.0,10.0,8.0,143.0,172.0,46.5,188.0,73.0,70.0,112.0,43.0,4875.0,1125.0,48.0,58.0,38.0,3.0,58.0,27.5,4.5,average,fair,very good,good,4,4,,,good,good,average,38000.0,0.0,
Nissan Quest,minivan,minivan,Asia,6.0,front,3.5,6.0,235.0,18.0,27.0,12.0,8.4,141.0,153.0,50.0,204.0,78.0,70.0,124.0,45.0,4550.0,1205.0,60.0,63.5,40.0,5.5,65.5,33.0,8.5,fair,fair,very good,good,5,5,5,5.0,good,good,good,34000.0,0.0,
Nissan Rogue,sport utility,small sport utility,Asia,5.0,front or all,2.5,4.0,170.0,22.0,27.0,17.0,8.9,137.0,143.0,52.0,183.0,71.0,65.0,106.0,39.0,3535.0,900.0,24.5,55.5,42.0,3.5,52.0,30.0,4.0,good,average,very good,very good,5,4,5,5.0,good,good,good,23000.0,0.0,
Nissan Sentra,car,small car,Asia,5.0,front,2.0,4.0,140.0,26.0,34.0,18.0,9.6,149.0,164.0,49.5,180.0,71.0,60.0,106.0,38.0,3010.0,850.0,13.0,56.5,41.0,6.0,53.5,26.5,2.0,average,fair,very good,very good,5,5,5,4.0,,,good,20000.0,0.0,
Nissan Titan,truck,truck,Asia,6.0,rear or parttime 4WD,5.6,8.0,317.0,13.0,18.0,9.0,7.3,139.0,154.0,47.5,224.0,79.0,77.0,140.0,49.0,5380.0,1105.0,,65.0,41.5,5.5,64.5,32.0,5.0,average,average,good,fair,5,4,,,good,,good,37000.0,0.0,
Nissan Versa,car,small car,Asia,5.0,front,1.8,4.0,122.0,28.0,36.0,20.0,10.1,145.0,163.0,52.0,169.0,67.0,60.0,102.0,37.0,2805.0,860.0,18.0,53.5,40.0,5.0,50.5,30.0,3.5,average,average,,,4,4,4,4.0,good,good,good,16000.0,0.0,
Nissan Xterra,sport utility,small sport utility,Asia,5.0,rear or parttime 4WD,4.0,6.0,261.0,17.0,23.0,12.0,7.7,135.0,158.0,50.0,179.0,73.0,75.0,106.0,40.0,4480.0,920.0,45.5,58.0,41.0,4.0,57.0,28.0,4.0,good,average,good,good,4,4,5,5.0,good,good,average,28000.0,0.0,
Pontiac Aztek,sport utility,small sport utility,USA,5.0,front or all,3.4,6.0,185.0,17.0,,,11.3,150.0,,49.0,182.0,74.0,67.0,108.0,39.0,4170.0,1185.0,49.0,59.0,41.0,3.5,59.0,29.0,4.0,fair,fair,good,good,3,4,5,3.0,marginal,,,23000.0,0.0,
Pontiac Bonneville,car,family car,USA,6.0,front,3.8,6.0,205.0,20.0,,,8.7,145.0,,51.0,203.0,74.0,57.0,112.0,43.0,3640.0,935.0,16.0,58.5,40.5,2.5,57.0,27.0,2.0,fair,fair,very good,good,4,5,4,4.0,good,,excellent,32000.0,0.0,
Pontiac G5,car,coupe,USA,5.0,front,2.4,4.0,173.0,,,,,,,,180.0,68.0,56.0,104.0,,2990.0,,14.0,53.0,,,49.5,,,average,,,,4,5,4,4.0,,,good,19000.0,0.0,
Pontiac G6,car,family car,USA,5.0,front,3.5,6.0,224.0,20.0,31.0,12.0,7.7,143.0,154.0,51.5,189.0,71.0,57.0,112.0,43.0,3540.0,890.0,14.0,54.5,41.5,3.5,51.5,30.0,2.0,fair,fair,very good,good,5,4,5,5.0,good,acceptable,excellent,30000.0,0.0,
Pontiac G8,car,upscale car,USA,5.0,rear,3.8,6.0,361.0,22.0,29.0,16.0,5.7,129.0,146.0,51.5,196.0,75.0,58.0,115.0,,3995.0,925.0,18.0,59.0,42.0,3.0,58.0,29.5,3.0,,,excellent,very good,4,4,4,,good,acceptable,,32000.0,0.0,
Pontiac Grand Prix,car,family car,USA,5.0,front,3.8,6.0,200.0,20.0,,,8.3,153.0,,49.0,198.0,72.0,56.0,111.0,41.0,3630.0,915.0,16.0,57.5,41.5,2.0,57.5,28.0,2.0,good,poor,very good,good,3,4,3,3.0,,,good,28000.0,0.0,
Pontiac GTO,car,coupe,USA,4.0,rear,5.7,8.0,350.0,17.0,,,5.5,143.0,,50.0,190.0,73.0,55.0,110.0,37.0,3770.0,740.0,13.0,59.0,41.0,3.0,50.5,26.0,1.5,fair,good,,,,,,,,,,32000.0,0.0,
Pontiac Montana,minivan,minivan,USA,8.0,front,3.5,6.0,200.0,17.0,,,10.2,136.0,,48.5,205.0,72.0,72.0,121.0,43.0,4380.0,1290.0,75.5,59.5,40.5,5.0,62.0,26.0,4.0,poor,fair,good,good,4,4,,,,,,30000.0,0.0,
Pontiac Solstice,car,sports car,USA,2.0,rear,2.4,4.0,177.0,23.0,30.0,16.0,7.2,133.0,148.0,56.5,157.0,71.0,50.0,95.0,36.0,2925.0,355.0,4.0,51.5,42.0,3.5,,,,poor,fair,very good,very good,4,4,4,,,,excellent,29000.0,0.0,
Pontiac Torrent,sport utility,small sport utility,USA,5.0,front or all,2.4,4.0,126.0,18.0,25.0,12.0,9.1,146.0,153.0,49.5,189.0,71.0,69.0,113.0,43.0,3880.0,1230.0,36.5,55.5,41.0,4.0,55.5,32.0,5.0,average,poor,,,,,,,good,,good,23000.0,0.0,
Pontiac Vibe,car,wagon,USA,5.0,front or all,2.4,4.0,130.0,27.0,36.0,19.0,8.3,132.0,142.0,52.0,173.0,70.0,61.0,102.0,,3140.0,850.0,,53.0,,,52.5,,,excellent,good,very good,good,5,5,5,4.0,good,good,good,20000.0,1.0,
Porsche 911,car,sports car,Europe,4.0,rear or all,3.8,6.0,355.0,20.0,28.0,15.0,4.4,113.0,127.0,59.5,176.0,71.0,52.0,93.0,37.0,3305.0,660.0,5.0,50.5,42.5,4.0,44.0,22.0,0.0,average,excellent,excellent,excellent,,,,,,,,95000.0,0.0,
Porsche Boxster,car,sports car,Europe,2.0,rear,2.7,6.0,240.0,22.0,29.0,16.0,6.5,112.0,123.0,57.5,172.0,70.0,51.0,95.0,37.0,3015.0,420.0,9.0,50.5,41.0,4.5,,,,good,excellent,excellent,excellent,  ,  ,,,,,,60000.0,0.0,
Porsche Cayenne,sport utility,luxury sport utility,Europe,5.0,all,4.8,8.0,385.0,15.0,22.0,10.0,7.0,142.0,156.0,51.0,188.0,76.0,67.0,112.0,39.0,4950.0,1840.0,,58.5,41.0,4.5,56.5,27.0,4.0,poor,good,very good,good,,,,,,,,75000.0,0.0,
Porsche Cayman,car,sports car,Europe,2.0,rear,3.4,6.0,295.0,,,,,,,,172.0,71.0,51.0,95.0,,2955.0,,9.0,50.5,,,,,,average,excellent,,,,,,,,,,60000.0,0.0,
Saab 9-2X,car,wagon,Europe,5.0,all,2.5,4.0,173.0,22.0,,,10.5,135.0,,51.0,176.0,67.0,58.0,99.0,39.0,3140.0,900.0,19.0,52.5,40.5,5.0,52.5,26.0,3.5,good,,very good,good,4,5,4,4.0,good,,good,26000.0,0.0,
Saab 9-3,car,upscale car,Europe,5.0,front,2.0,4.0,210.0,23.0,38.0,15.0,8.0,131.0,136.0,53.5,183.0,71.0,58.0,105.0,40.0,3570.0,930.0,15.0,54.5,41.0,3.0,54.0,25.0,2.0,average,average,very good,very good,4,4,5,4.0,good,good,good,44000.0,0.0,
Saab 9-5,car,upscale car,Europe,5.0,front,2.3,4.0,260.0,21.0,33.0,13.0,7.2,128.0,139.0,56.0,190.0,71.0,57.0,106.0,40.0,3545.0,930.0,16.0,56.0,41.0,3.0,55.5,28.0,2.5,good,,very good,very good,5,5,5,4.0,good,acceptable,good,42000.0,0.0,
Saab 9-7X,sport utility,midsize sport utility,Europe,5.0,all,5.3,8.0,300.0,,,,,,,,193.0,75.0,69.0,113.0,39.0,4740.0,1090.0,39.0,59.0,41.0,5.5,59.0,27.5,4.0,,,,,3,4,5,5.0,acceptable,marginal,good,48000.0,0.0,
Saturn Astra,car,wagon,USA,5.0,front,1.8,4.0,138.0,25.0,34.0,17.0,11.0,134.0,150.0,54.5,171.0,69.0,55.0,103.0,37.0,2910.0,1060.0,13.0,53.0,41.0,3.0,52.0,27.0,2.5,,,very good,very good,5,5,5,5.0,good,marginal,,19000.0,1.0,
Saturn Aura,car,family car,USA,5.0,front,2.4,4.0,169.0,24.0,37.0,15.0,9.4,137.0,158.0,51.0,190.0,70.0,58.0,112.0,40.0,3355.0,910.0,16.0,54.5,41.0,4.0,53.0,29.0,2.0,average,good,very good,good,5,5,5,5.0,good,good,good,25000.0,1.0,
Saturn Ion,car,small car,USA,5.0,front,2.2,4.0,140.0,25.0,,,9.2,130.0,,51.5,185.0,67.0,57.0,103.0,37.0,2865.0,900.0,15.0,54.0,40.0,5.5,52.5,25.5,1.0,average,poor,very good,good,,,,,,,,19000.0,1.0,
Saturn Outlook,sport utility,midsize sport utility,USA,8.0,front or all,3.6,6.0,275.0,16.0,24.0,10.0,8.8,142.0,162.0,50.0,201.0,78.0,70.0,119.0,42.0,5015.0,1320.0,48.5,62.0,41.0,3.5,60.5,30.0,3.5,fair,average,very good,good,5,5,5,5.0,good,good,good,35000.0,0.0,
Saturn Relay,minivan,minivan,USA,7.0,front or all,3.5,6.0,200.0,17.0,,,10.2,136.0,,48.5,205.0,72.0,72.0,121.0,43.0,4420.0,1290.0,51.0,59.0,40.0,4.0,61.0,26.0,3.5,poor,fair,good,fair,4,5,,,,,,27000.0,0.0,
Saturn Sky,car,sports car,USA,2.0,rear,2.0,4.0,260.0,24.0,34.0,16.0,6.2,136.0,156.0,56.5,161.0,71.0,50.0,95.0,37.0,3065.0,425.0,4.0,51.5,41.0,2.0,,,,poor,good,very good,excellent,4,4,4,,,,excellent,30000.0,0.0,
Saturn Vue,sport utility,small sport utility,USA,5.0,front or all,3.6,6.0,257.0,17.0,25.0,12.0,8.2,145.0,162.0,49.0,180.0,73.0,67.0,107.0,42.0,3915.0,915.0,28.0,55.0,40.0,6.0,56.0,26.5,5.0,poor,fair,very good,good,5,5,5,5.0,good,good,good,27000.0,0.0,
Scion tC,car,coupe,Asia,5.0,front,2.4,4.0,160.0,26.0,33.0,19.0,8.8,136.0,147.0,51.0,174.0,69.0,56.0,106.0,37.0,2890.0,865.0,13.0,53.5,40.5,2.0,48.0,29.0,1.0,excellent,average,,,5,4,5,5.0,,,good,18000.0,0.0,
Scion xA,car,small car,Asia,5.0,front,1.5,4.0,108.0,30.0,,,11.1,135.0,,52.0,154.0,67.0,60.0,93.0,38.0,2400.0,825.0,12.0,52.0,39.5,4.5,50.5,26.0,2.5,good,good,very good,good,4,4,4,4.0,,,,15000.0,0.0,
Scion xB,car,small car,Asia,5.0,front,2.4,4.0,158.0,23.0,30.0,16.0,9.4,137.0,148.0,53.0,167.0,69.0,64.0,102.0,37.0,3120.0,850.0,34.0,55.5,41.0,5.5,53.5,29.0,6.5,excellent,good,very good,good,4,4,5,5.0,good,good,good,17000.0,0.0,
Scion xD,car,small car,Asia,5.0,front,1.8,4.0,128.0,29.0,38.0,20.0,9.7,136.0,140.0,56.0,155.0,68.0,60.0,97.0,39.0,2645.0,845.0,11.0,52.0,39.5,3.5,49.0,26.5,1.5,excellent,good,very good,very good,4,4,5,5.0,acceptable,good,good,16000.0,0.0,
Smart ForTwo,car,small car,Europe,2.0,rear,1.0,3.0,71.0,39.0,44.0,30.0,14.6,139.0,153.0,50.0,106.0,61.0,61.0,74.0,30.0,1745.0,575.0,8.0,48.0,41.5,3.0,,,,excellent,excellent,fair,fair,,,,,good,good,average,15000.0,0.0,
Subaru B9 Tribeca,sport utility,small sport utility,Asia,7.0,all,3.0,6.0,250.0,,,,,,,,190.0,74.0,66.0,108.0,,4245.0,,,58.0,,4.5,57.0,26.0,3.5,good,,,,,,,,,,,35000.0,0.0,
Subaru Baja,truck,truck,Asia,4.0,all,2.5,4.0,165.0,20.0,26.0,14.0,7.2,135.0,153.0,52.0,193.0,70.0,61.0,104.0,41.0,3575.0,800.0,,54.0,41.0,2.5,53.5,27.0,1.5,good,good,,,,,,,,,,24000.0,0.0,
Subaru Forester,sport utility,small sport utility,Asia,5.0,all,2.5,4.0,224.0,24.0,31.0,17.0,9.5,135.0,145.0,52.5,177.0,68.0,65.0,99.0,38.0,3260.0,900.0,35.5,53.0,41.5,5.5,53.0,27.0,5.0,average,good,very good,good,5,5,5,5.0,good,good,good,28000.0,0.0,
Subaru Impreza,car,small car,Asia,5.0,all,2.5,4.0,170.0,18.0,27.0,11.0,7.5,140.0,151.0,51.5,174.0,69.0,58.0,103.0,38.0,3155.0,900.0,22.5,54.5,41.5,6.0,52.0,28.5,3.5,good,average,very good,very good,5,5,5,4.0,good,good,good,33000.0,0.0,
Subaru Legacy,car,family car,Asia,5.0,all,2.5,4.0,250.0,19.0,28.0,13.0,8.8,137.0,162.0,48.0,186.0,68.0,56.0,105.0,38.0,3540.0,850.0,11.0,54.0,41.0,2.5,53.0,28.0,2.0,average,good,,,5,5,5,5.0,good,good,good,31000.0,0.0,
Subaru Outback,car,wagon,Asia,5.0,all,3.0,6.0,250.0,16.0,23.0,11.0,8.6,139.0,162.0,49.0,189.0,70.0,63.0,105.0,38.0,3545.0,900.0,31.0,52.0,41.0,3.0,53.0,28.0,2.0,good,good,,,5,5,5,5.0,,,good,33000.0,0.0,
Subaru Tribeca,sport utility,midsize sport utility,Asia,7.0,all,3.6,6.0,256.0,16.0,,,8.6,139.0,,,192.0,74.0,66.0,108.0,40.0,4280.0,1155.0,35.5,58.0,42.0,3.5,57.0,26.0,3.0,good,fair,very good,good,5,5,5,5.0,good,good,good,36000.0,0.0,
Suzuki Aerio,car,small car,Asia,5.0,front,2.0,4.0,145.0,25.0,,,9.8,143.0,,51.5,171.0,68.0,61.0,98.0,37.0,2715.0,895.0,15.0,54.0,40.5,6.0,53.0,28.0,2.0,average,poor,very good,good,,,,,good,,,20000.0,0.0,
Suzuki Forenza,car,small car,Asia,5.0,front,2.0,4.0,126.0,24.0,,,11.3,147.0,,49.5,177.0,68.0,57.0,102.0,36.0,2815.0,875.0,12.0,55.0,41.5,4.5,53.0,28.0,3.0,,,good,fair,,,,,good,good,good,18000.0,0.0,
Suzuki Grand Vitara,sport utility,small sport utility,Asia,7.0,rear or parttime 4WD,2.7,6.0,185.0,18.0,24.0,13.0,9.5,138.0,147.0,52.0,176.0,71.0,67.0,104.0,38.0,3650.0,905.0,25.0,56.0,41.5,5.0,54.5,28.0,3.5,fair,,very good,good,4,4,5,5.0,good,acceptable,good,25000.0,0.0,
Suzuki SX4,car,small car,Asia,5.0,front or all,2.0,4.0,143.0,22.0,31.0,15.0,12.2,137.0,150.0,53.5,163.0,69.0,63.0,98.0,37.0,2995.0,815.0,16.0,53.0,40.0,4.0,51.5,26.0,3.0,excellent,average,very good,very good,4,4,5,4.0,good,good,good,19000.0,0.0,
Suzuki Verona,car,small car,Asia,6.0,front,2.5,4.0,155.0,20.0,,,10.3,130.0,,51.0,188.0,72.0,57.0,106.0,38.0,3370.0,900.0,13.0,57.0,40.5,4.0,56.0,28.5,1.5,,,good,good,,,,,,,,21000.0,0.0,
Suzuki XL-7,sport utility,small sport utility,Asia,7.0,rear or parttime 4WD,3.6,6.0,252.0,17.0,25.0,11.0,7.7,137.0,147.0,51.5,197.0,72.0,69.0,112.0,44.0,4190.0,1190.0,36.5,55.5,41.0,6.0,56.0,29.0,4.0,poor,,,,5,5,5,5.0,good,acceptable,good,29000.0,0.0,
Toyota 4Runner,sport utility,midsize sport utility,Asia,5.0,rear or selectable 4WD,4.0,6.0,239.0,16.0,22.0,11.0,8.2,132.0,146.0,46.5,189.0,74.0,72.0,110.0,40.0,4345.0,1035.0,44.5,58.0,41.0,3.0,57.0,29.5,4.5,excellent,good,good,good,4,4,5,5.0,good,good,average,34000.0,0.0,
Toyota Avalon,car,upscale car,Asia,6.0,front,3.5,6.0,280.0,22.0,33.0,15.0,6.7,139.0,155.0,48.0,197.0,73.0,59.0,111.0,41.0,3600.0,875.0,14.0,58.5,41.0,3.0,57.5,31.0,2.5,good,good,very good,good,5,5,5,5.0,good,good,good,34000.0,0.0,
Toyota Camry,car,family car,Asia,5.0,front,3.5,6.0,268.0,23.0,32.0,16.0,7.1,137.0,149.0,51.0,189.0,72.0,58.0,109.0,40.0,3530.0,900.0,15.0,57.0,42.0,3.0,56.0,29.0,3.0,average,good,very good,good,5,5,5,5.0,good,good,good,29000.0,0.0,
Toyota Camry Hybrid,car,family car,Asia,5.0,front,2.4,4.0,187.0,34.0,41.0,28.0,8.5,145.0,157.0,50.5,189.0,72.0,58.0,109.0,40.0,3600.0,900.0,15.0,57.0,42.0,3.0,56.0,29.0,3.0,excellent,excellent,,,5,5,5,5.0,,good,good,31000.0,0.0,
Toyota Camry Solara,car,coupe,Asia,5.0,front,3.3,6.0,225.0,21.0,31.0,14.0,7.5,130.0,138.0,50.5,193.0,72.0,56.0,107.0,39.0,3620.0,755.0,14.0,55.5,40.5,5.0,44.0,25.0,4.0,good,good,,,5,5,5,5.0,good,acceptable,good,30000.0,0.0,
Toyota Celica,car,sports car,Asia,4.0,front,1.8,4.0,180.0,28.0,,,7.5,130.0,,56.2,170.0,68.0,51.0,102.0,36.0,2570.0,725.0,17.0,52.0,41.5,2.0,48.0,24.0,0.0,excellent,good,excellent,excellent,4,4,3,,,,excellent,22000.0,0.0,
Toyota Corolla,car,small car,Asia,5.0,front,1.8,4.0,132.0,32.0,40.0,23.0,9.9,136.0,145.0,51.0,178.0,67.0,58.0,102.0,38.0,2595.0,860.0,14.0,52.0,40.0,5.0,53.0,27.0,2.0,good,good,very good,good,4,4,5,4.0,good,good,good,20000.0,0.0,
Toyota FJ Cruiser,sport utility,small sport utility,Asia,5.0,rear or parttime 4WD,4.0,6.0,239.0,17.0,21.0,13.0,8.0,138.0,157.0,45.5,184.0,75.0,72.0,106.0,44.0,4350.0,1190.0,34.0,58.5,40.0,5.0,53.5,25.5,5.0,excellent,good,,,5,4,5,5.0,good,good,good,24000.0,0.0,
Toyota Highlander,sport utility,midsize sport utility,Asia,5.0,front or all,3.5,6.0,270.0,18.0,26.0,13.0,8.0,139.0,151.0,49.0,188.0,75.0,69.0,110.0,42.0,4490.0,1200.0,37.5,59.5,41.5,3.5,59.0,32.0,5.0,excellent,good,very good,good,5,4,5,5.0,good,good,good,39000.0,0.0,
Toyota Highlander Hybrid,sport utility,midsize sport utility,Asia,5.0,front or all,3.3,6.0,270.0,24.0,28.0,20.0,8.2,140.0,153.0,50.5,188.0,75.0,69.0,110.0,42.0,,1200.0,37.5,59.5,41.5,3.5,59.0,32.0,5.0,excellent,good,,,5,4,5,5.0,good,good,good,42000.0,0.0,
Toyota Land Cruiser,sport utility,luxury sport utility,Asia,7.0,4WD,5.7,8.0,381.0,14.0,20.0,10.0,7.3,140.0,158.0,46.0,195.0,78.0,74.0,112.0,43.0,5855.0,1585.0,,61.0,41.5,3.5,61.0,31.0,4.5,,good,good,fair,5,4,5,5.0,,,,65000.0,0.0,
Toyota Matrix,car,small car,Asia,5.0,rear,2.4,4.0,158.0,27.0,36.0,19.0,8.3,132.0,142.0,52.0,173.0,70.0,61.0,102.0,37.0,3140.0,850.0,,53.0,40.0,5.5,51.5,26.5,4.0,excellent,average,very good,good,5,5,5,4.0,good,good,good,21000.0,0.0,
Toyota MR2,car,sports car,Asia,2.0,front or all,1.8,4.0,138.0,31.0,,,7.1,125.0,,54.5,153.0,67.0,49.0,97.0,35.0,2235.0,425.0,2.0,51.5,41.0,3.5,,,,excellent,,excellent,very good,,,,,,,,25000.0,0.0,
Toyota Prius,car,family car,Asia,5.0,front,1.5,4.0,110.0,42.0,47.0,34.0,10.6,133.0,140.0,53.5,175.0,68.0,58.0,106.0,37.0,2950.0,825.0,16.0,55.0,40.5,4.0,52.5,30.0,2.0,excellent,excellent,very good,good,4,4,5,4.0,good,good,good,24000.0,0.0,
Toyota RAV4,sport utility,small sport utility,Asia,5.0,front or all,3.5,6.0,269.0,22.0,29.0,15.0,6.7,135.0,143.0,52.5,181.0,72.0,66.0,105.0,39.0,3750.0,825.0,38.5,57.0,40.0,4.0,55.0,29.0,4.0,good,good,very good,good,5,4,5,5.0,good,good,good,26000.0,0.0,
Toyota Sequoia,sport utility,large sport utility,Asia,8.0,front,5.7,8.0,381.0,15.0,21.0,10.0,7.1,146.0,163.0,47.0,205.0,80.0,78.0,122.0,,5925.0,,,66.5,,,65.5,,,average,average,good,fair,5,4,,,,,good,53000.0,0.0,
Toyota Sienna,minivan,minivan,Asia,7.0,front or all,3.5,6.0,266.0,19.0,28.0,13.0,7.8,138.0,147.0,51.5,201.0,77.0,69.0,119.0,39.0,4550.0,1050.0,70.5,64.0,40.5,3.5,64.5,31.5,4.0,good,good,very good,good,4,5,5,5.0,good,good,good,37000.0,0.0,
Toyota Tacoma,truck,truck,Asia,5.0,rear or parttime 4WD,4.0,6.0,239.0,17.0,21.0,13.0,7.6,131.0,140.0,50.0,208.0,75.0,70.0,128.0,43.0,4115.0,1100.0,,57.0,42.5,4.0,57.0,28.0,3.0,good,good,good,good,5,5,5,5.0,good,good,good,27000.0,0.0,
Toyota Tundra,truck,truck,Asia,6.0,rear or parttime 4WD,5.7,8.0,381.0,15.0,20.0,10.0,6.7,153.0,178.0,44.5,229.0,80.0,76.0,146.0,49.0,5740.0,1395.0,,64.5,42.5,5.5,63.0,28.5,3.5,average,good,good,fair,4,4,,,good,good,good,40000.0,0.0,
Toyota Yaris,car,small car,Asia,5.0,front,1.5,4.0,106.0,33.0,44.0,23.0,11.4,139.0,151.0,51.5,169.0,67.0,58.0,100.0,34.0,2430.0,845.0,14.0,50.5,40.5,3.5,50.0,27.0,1.5,excellent,average,,,4,4,4,4.0,good,good,good,15000.0,0.0,
Volkswagen Eos,car,convertible,Europe,4.0,front,2.0,4.0,200.0,25.0,34.0,18.0,7.9,135.0,144.0,53.0,174.0,71.0,57.0,102.0,36.0,3580.0,885.0,11.0,53.0,42.0,4.5,39.5,24.0,0.0,fair,good,very good,very good,4,4,5,5.0,,,,35000.0,0.0,
Volkswagen Golf,car,small car,Europe,5.0,front,2.8,6.0,200.0,,,,,,,,163.0,68.0,57.0,99.0,36.0,2935.0,935.0,18.0,53.5,41.5,5.0,53.0,26.0,2.0,,,very good,very good,5,5,4,4.0,good,,,22000.0,0.0,
Volkswagen GTI,car,sports car,Europe,5.0,front,2.0,4.0,200.0,25.0,32.0,19.0,6.7,134.0,141.0,57.0,166.0,69.0,58.0,102.0,36.0,3155.0,960.0,15.0,54.0,42.0,5.0,51.5,27.5,3.5,average,excellent,excellent,excellent,4,4,5,5.0,good,good,good,24000.0,0.0,
Volkswagen Jetta,car,family car,Europe,5.0,front,2.5,5.0,150.0,24.0,33.0,17.0,9.4,140.0,146.0,55.0,179.0,69.0,58.0,102.0,36.0,3330.0,970.0,16.0,54.5,42.0,3.5,51.5,27.5,2.0,average,average,very good,very good,4,4,5,5.0,good,good,good,25000.0,0.0,
Volkswagen New Beetle,car,small car,Europe,4.0,front,1.8,4.0,150.0,24.0,,,8.2,133.0,,55.5,161.0,68.0,59.0,99.0,37.0,3280.0,770.0,5.0,52.0,42.0,8.0,40.5,23.5,0.0,fair,average,very good,very good,4,4,5,3.0,good,poor,good,23000.0,0.0,
Volkswagen Passat,car,family car,Europe,5.0,front,2.0,4.0,200.0,24.0,34.0,16.0,7.7,135.0,145.0,52.5,188.0,72.0,58.0,107.0,38.0,3615.0,1030.0,14.0,54.5,41.5,4.0,53.0,29.0,3.0,fair,average,very good,very good,4,4,5,4.0,good,good,good,29000.0,0.0,
Volkswagen Phaeton,car,luxury car,Europe,5.0,front or all,4.2,8.0,335.0,,,,,,,,204.0,75.0,57.0,118.0,,5100.0,,13.0,59.5,,,58.0,,,,,,,,,,,,,,80000.0,0.0,
Volkswagen R32,car,upscale car,Europe,5.0,all,3.2,6.0,250.0,22.0,28.0,16.0,6.4,134.0,151.0,53.5,166.0,69.0,58.0,102.0,37.0,3540.0,1060.0,,54.0,43.0,5.0,53.0,27.0,4.0,,,excellent,very good,,,,,,,,33000.0,0.0,
Volkswagen Rabbit,car,small car,Europe,5.0,front,2.5,5.0,170.0,24.0,32.0,16.0,8.5,128.0,138.0,55.5,166.0,69.0,58.0,101.0,36.0,3100.0,970.0,15.0,54.5,42.5,5.0,51.0,27.5,3.5,good,good,excellent,very good,4,4,5,5.0,good,good,good,19000.0,0.0,
Volkswagen Tiguan,sport utility,small sport utility,Europe,5.0,front or all,2.0,4.0,200.0,20.0,28.0,13.0,8.6,137.0,153.0,53.0,173.0,73.0,67.0,103.0,39.0,3400.0,1100.0,,55.0,42.0,5.0,52.0,28.0,1.5,,,very good,very good,,,,,good,good,,32000.0,0.0,
Volkswagen Touareg 2,sport utility,small sport utility,Europe,5.0,all,3.6,6.0,280.0,15.0,20.0,10.0,8.5,143.0,155.0,48.5,187.0,76.0,68.0,112.0,38.0,5000.0,1280.0,35.5,57.5,41.0,4.0,57.5,27.0,4.5,poor,fair,very good,good,5,5,5,5.0,,,good,48000.0,0.0,
Volvo C30,car,coupe,Europe,4.0,front,2.5,5.0,227.0,25.0,35.0,17.0,7.2,143.0,161.0,53.0,167.0,70.0,57.0,104.0,37.0,3185.0,1040.0,15.0,54.5,40.5,2.5,50.0,26.0,2.0,excellent,good,very good,very good,,,,,,,,25000.0,0.0,
Volvo C70,car,convertible,Europe,4.0,front,2.5,5.0,227.0,21.0,33.0,13.0,8.3,133.0,143.0,50.5,180.0,72.0,55.0,104.0,41.0,3820.0,640.0,13.0,54.0,41.0,3.0,43.0,24.0,0.0,average,average,very good,good,4,5,5,5.0,good,good,,39000.0,0.0,
Volvo S40,car,family car,Europe,5.0,front,2.4,5.0,168.0,23.0,36.0,14.0,9.4,135.0,148.0,52.0,176.0,70.0,57.0,104.0,37.0,3245.0,950.0,14.0,55.0,41.5,3.0,53.5,28.0,1.5,average,poor,,,4,5,5,5.0,good,acceptable,good,33000.0,0.0,
Volvo S60,car,upscale car,Europe,5.0,front or all,2.5,5.0,208.0,22.0,35.0,14.0,7.9,140.0,145.0,50.5,180.0,71.0,56.0,107.0,42.0,3465.0,890.0,14.0,56.0,42.0,4.0,56.0,27.0,3.0,good,average,very good,good,4,4,5,5.0,good,acceptable,excellent,36000.0,0.0,
Volvo S80,car,luxury car,Europe,5.0,front,3.2,6.0,235.0,20.0,31.0,13.0,8.6,139.0,158.0,50.5,191.0,73.0,59.0,112.0,39.0,3850.0,905.0,15.0,57.0,41.0,3.5,56.5,28.0,3.5,good,average,excellent,very good,5,5,5,5.0,good,good,,50000.0,0.0,
Volvo V50,car,wagon,Europe,5.0,front or all,3.2,6.0,168.0,20.0,32.0,13.0,8.5,139.0,153.0,51.0,178.0,70.0,57.0,104.0,,3555.0,800.0,27.5,55.0,40.5,3.0,53.5,27.0,1.5,,,,,,,,,,,,35000.0,0.0,
Volvo V70/XC70,car,wagon,Europe,7.0,front or all,3.2,6.0,235.0,18.0,25.0,12.0,8.5,135.0,140.0,50.5,191.0,73.0,63.0,111.0,40.0,4170.0,900.0,36.5,57.5,42.0,3.0,57.0,28.5,4.0,fair,average,very good,good,5,5,5,5.0,,,,40000.0,0.0,
Volvo XC90,sport utility,luxury sport utility,Europe,7.0,front or all,4.4,8.0,311.0,16.0,24.0,11.0,7.6,136.0,138.0,52.5,189.0,75.0,70.0,113.0,42.0,4950.0,1210.0,38.0,58.0,40.5,4.0,56.5,27.0,4.5,average,fair,very good,good,5,5,5,5.0,good,good,good,49000.0,0.0,
,,,,,,,,,,,,,,,,,,,,,,,,,,,,,,,,,,,,,,,,,,,
,,,,,,,,,,,,,,,,,,,,,,,,,,,,,,,,,,,,,,,,,,,
,,,,,,,,,,,,,,,,,,,,,,,,,,,,,,,,,,,,,,,,,,, 
